region,name,province,level,month,jeonse_ratio,price_index_monthly_sale,price_index_monthly_jeonse,average_price_sale,average_price_jeonse,jeonse_ratio_change,price_index_monthly_sale_change,price_index_monthly_jeonse_change
1100000000,서울,서울,province,2022-03,54.59736686,95.641167206085,104.2163894724,127334.287526,67419.467904,,,
1100000000,서울,서울,province,2022-06,54.678928777,96.077246341009,104.72815029901,127992.048888,67792.36293,0.081561917,0.4559533803935584,0.49105599340066514
1100000000,서울,서울,province,2022-09,54.6938172583,95.784937885007,104.446364991217,127624.06465,67344.112347,0.0148884813,-0.3042431659255756,-0.26906357745121345
1100000000,서울,서울,province,2022-12,52.9246958235,92.454160152528,98.148032909183,126420.99083426,63693.59372889,,,
1100000000,서울,서울,province,2023-03,50.9198582142,88.389057124958,90.113704335916,120972.19098195,58142.03264674,-2.0048376093,-4.396884922066805,-8.185929289791488
1100000000,서울,서울,province,2023-06,50.9565200583,86.519586270489,88.225512907144,118224.20572516,57059.07076759,0.0366618441,-2.11504785238978,-2.09534325848309
1100000000,서울,서울,province,2023-09,51.0825526293,86.502878498259,88.414883345356,119167.81029802,57467.77851381,0.126032571,-0.019310971018476612,0.21464362401758943
1100000000,서울,서울,province,2023-12,51.9172928151,86.643839916179,89.941810045311,119965.84936789,58702.48010681,0.8347401858,0.1629557540363666,1.7270018826928668
1100000000,서울,서울,province,2024-03,52.7908905781,86.244825251318,91.070526259133,119567.59040018,59389.63128941,0.873597763,-0.4605228314523166,1.2549405145986876
1100000000,서울,서울,province,2024-06,53.6697688421,86.181728638653,92.532231952093,120217.56489542,60436.6154375,0.878878264,-0.07315988232469142,1.6050260748475833
1100000000,서울,서울,province,2024-09,53.9460528483,88.199496028498,94.796505236089,124377.71413347,62040.40978266,0.2762840062,2.341293707747723,2.447010340319349
1100000000,서울,서울,province,2024-12,54.044579586,89.106862556171,95.858462149651,127274.45074911,63176.47247773,0.0985267377,1.0287661137880224,1.1202490122575883
1100000000,서울,서울,province,2025-03,53.8302536957,89.797080567023,96.110518063502,129720.37592486,63512.95445692,-0.2143258903,0.7745957954887053,0.26294591859558397
1100000000,서울,서울,province,2025-06,52.9768646887,92.538788432667,96.904235722347,138174.10484996,64699.86834333,-0.853389007,3.0532260607265918,0.8258384980513538
1100000000,서울,서울,province,2025-09,52.2466258441,95.054953114638,97.91903553911,143621.14900904,65431.31919145,-0.7302388446,2.719037848438884,1.0472192564116967
1100000000,서울,서울,province,2025-12,51.0943563927,99.138004473186,99.531999459731,150809.50393983,66598.22786817,-1.1522694514,4.295464070792572,1.6472424506027366
1100000000,서울,서울,province,2026-03,50.1640177401,102.784070446069,101.335908343063,155453.61551181,67695.37624674,-0.9303386526,3.6777681699949456,1.8123908824536692
1100000000,서울,서울,province,2026-06,50.2845688238,105.7983526197,104.5320528326,158311.41092534,69618.51811908,0.1205510837,2.9326355344261246,3.15400980935283
4100000000,경기,경기,province,2022-03,65.07271357,113.937730648135,111.380462815643,62072.696856,38958.213909,,,
4100000000,경기,경기,province,2022-06,65.3525552516,114.242343259222,111.947737942099,62500.046296,39206.090712,0.2798416816,0.2673500774100121,0.5093129549972818
4100000000,경기,경기,province,2022-09,65.5385515344,113.293822670259,111.197924446267,61504.277092,38790.647916,0.1859962828,-0.8302706001143166,-0.6697888761448797
4100000000,경기,경기,province,2022-12,64.2995244827,107.577717227556,103.523504605677,58478.45520171,35908.64443584,,,
4100000000,경기,경기,province,2023-03,62.1634907062,101.224411370803,94.294630818278,55025.71441819,32610.33973368,-2.1360337765,-5.905782368772557,-8.914761746669953
4100000000,경기,경기,province,2023-06,62.5599410721,98.0723539266,92.114461950059,53494.26823729,31928.10706379,0.3964503659,-3.1139301296171076,-2.3120816628685477
4100000000,경기,경기,province,2023-09,62.7328724227,98.10910073593,92.566073041201,53996.73478882,32303.27485223,0.1729313506,0.037469080590746606,0.4902716485353262
4100000000,경기,경기,province,2023-12,63.4417399909,98.356973265065,93.980072073335,54499.04763031,33005.51887669,0.7088675682,0.2526498839309235,1.5275564639159225
4100000000,경기,경기,province,2024-03,64.1339572095,97.986934853738,94.720067216233,54395.70015174,33339.93674209,0.6922172186,-0.3762198032769603,0.7873958027192863
4100000000,경기,경기,province,2024-06,64.7837268055,97.686794897297,95.44606036963,54399.14664015,33679.59616139,0.649769596,-0.30630609773538625,0.7664618224347927
4100000000,경기,경기,province,2024-09,65.1844311589,98.172129514387,96.520777845414,55180.38310386,34220.62666678,0.4007043534,0.49682725039782144,1.1259945896373158
4100000000,경기,경기,province,2024-12,65.7906934309,98.390701107604,97.521070415857,55521.14421563,34677.08435241,0.606262272,0.22264118573995953,1.03634947083109
4100000000,경기,경기,province,2025-03,66.2199593763,98.032293569575,97.754275806136,55493.16261887,34826.10525852,0.4292659454,-0.3642697267062171,0.2391333373234597
4100000000,경기,경기,province,2025-06,66.43784887,98.097255057649,98.117253389076,55962.89331255,35068.00751551,0.2178894937,0.0662653965429217,0.37131632345151705
4100000000,경기,경기,province,2025-09,66.5119296584,98.47743330087,98.559849109157,56577.79687793,35298.62861449,0.0740807884,0.38755237646311297,0.4510885749379088
4100000000,경기,경기,province,2025-12,66.5626825594,99.64147290387,99.594205037007,57940.0630888,35790.24347636,0.050752901,1.1820369032604714,1.04946987764199
4100000000,경기,경기,province,2026-03,66.6967576595,101.12921382413,101.082892179755,59267.63176047,36422.29779923,0.1340751001,1.4930940670611235,1.4947527742149624
4100000000,경기,경기,province,2026-06,67.1473505945,102.6305381975,103.2168264054,60704.65491152,37361.47056347,0.450592935,1.4845605108538633,2.1110735749925316
1111000000,종로구,서울,district,2022-03,65.01804434,94.566083297409,97.852909770344,,,,,
1111000000,종로구,서울,district,2022-06,64.3186051594,95.742956532332,98.190497680171,,,-0.6994391806,1.2444982322274576,0.34499526955233356
1111000000,종로구,서울,district,2022-09,64.1590714341,95.825630267941,98.095589080798,,,-0.1595337253,0.08634967897725346,-0.09665762127221221
1111000000,종로구,서울,district,2022-12,59.2786212576,95.434638813235,96.054240597074,,,,,
1111000000,종로구,서울,district,2023-03,57.2936997431,94.032508160043,91.262739800476,,,-1.9849215145,-1.4692051760534883,-4.988328226649848
1111000000,종로구,서울,district,2023-06,56.3771797672,91.784483108676,87.594649477969,,,-0.9165199759,-2.3906892364722094,-4.019263864449386
1111000000,종로구,서울,district,2023-09,56.4336415346,92.157014503189,88.234822387972,,,0.0564617674,0.4058762242762864,0.7308356318772763
1111000000,종로구,서울,district,2023-12,57.0588279608,92.461281435419,89.841433689439,,,0.6251864262,0.33016144660314617,1.8208358763421846
1111000000,종로구,서울,district,2024-03,57.9491348928,92.211921796071,91.121426864016,,,0.890306932,-0.2696908754419211,1.4247247867856156
1111000000,종로구,서울,district,2024-06,58.335409433,92.429267169723,92.056760200522,,,0.3862745402,0.23570203225203873,1.0264691507759574
1111000000,종로구,서울,district,2024-09,58.6648752748,93.794433426491,93.963417914947,,,0.3294658418,1.476984832370484,2.0711762072354447
1111000000,종로구,서울,district,2024-12,59.7003531857,93.998208195937,96.094832647809,,,1.0354779109,0.21725678380018498,2.2683452562265196
1111000000,종로구,서울,district,2025-03,59.62894128,94.687085214759,96.695857513085,,,-0.0714119057,0.7328618619900206,0.625449723689907
1111000000,종로구,서울,district,2025-06,58.6498954687,96.895224325407,97.642410990776,,,-0.9790458113,2.332038319312225,0.9788976508770412
1111000000,종로구,서울,district,2025-09,58.6718166668,97.845155459954,98.725408596743,,,0.0219211981,0.9803694053659542,1.1091467273061373
1111000000,종로구,서울,district,2025-12,58.1341569854,99.738353403423,99.615041969257,,,-0.5376596814,1.9348918549614311,0.9011189572765662
1111000000,종로구,서울,district,2026-03,57.0636286542,102.378155284128,100.488597595479,,,-1.0705283312,2.6467269516947955,0.8769314442407152
1111000000,종로구,서울,district,2026-06,56.418768033,105.1202683805,101.9347355486,,,-0.6448606212,2.6784161999812066,1.4391065133006313
1114000000,중구,서울,district,2022-03,61.4182926,91.004824713563,101.507978602117,,,,,
1114000000,중구,서울,district,2022-06,62.3355880033,91.220441964433,102.000857843195,,,0.9172954033,0.23692947219958246,0.4855571432566393
1114000000,중구,서울,district,2022-09,62.5759844384,91.162823630016,102.128475475551,,,0.2403964351,-0.06316384044649277,0.1251142735997235
1114000000,중구,서울,district,2022-12,58.0541817322,88.710086772823,95.778835278499,,,,,
1114000000,중구,서울,district,2023-03,55.7589630334,85.97646942363,89.031343541663,,,-2.2952186988,-3.081518064787266,-7.044867185131365
1114000000,중구,서울,district,2023-06,55.3679426142,84.411928546592,86.880720095084,,,-0.3910204192,-1.8197314771429745,-2.415580132824343
1114000000,중구,서울,district,2023-09,55.2933734313,84.234371890554,86.703311323682,,,-0.0745691829,-0.21034545602165203,-0.20419809044842202
1114000000,중구,서울,district,2023-12,55.6954001899,84.498655658578,87.684442743453,,,0.4020267586,0.31374813166219695,1.1315962502380406
1114000000,중구,서울,district,2024-03,56.665290262,84.565863497627,89.425789814046,,,0.9698900721,0.07953716958593685,1.9859247730955312
1114000000,중구,서울,district,2024-06,57.8518645519,84.608587147189,91.445626357469,,,1.1865742899,0.05052115332943874,2.258673418063283
1114000000,중구,서울,district,2024-09,58.1526121337,86.965696288917,94.133574554643,,,0.3007475818,2.785898241779483,2.9393950309515886
1114000000,중구,서울,district,2024-12,58.3567189904,87.705171617565,95.125610918603,,,0.2041068567,0.8503069143393261,1.053860292306375
1114000000,중구,서울,district,2025-03,58.321532397,88.039287771203,95.425300266912,,,-0.0351865934,0.38095376529778713,0.31504591183696884
1114000000,중구,서울,district,2025-06,58.0902273588,90.310799205129,97.457835321786,,,-0.2313050382,2.580111097478681,2.1299750162575766
1114000000,중구,서울,district,2025-09,56.2545924459,93.145006579594,98.048820214856,,,-1.8356349129,3.1382817995303904,0.6064005947994717
1114000000,중구,서울,district,2025-12,53.2038809765,99.323667003271,99.721039693698,,,-3.0507114694,6.633378052743202,1.7054967873939104
1114000000,중구,서울,district,2026-03,52.5080043483,102.474177331893,101.717686719887,,,-0.6958766282,3.1719633634934614,2.0022324599922725
1114000000,중구,서울,district,2026-06,51.5396168621,106.8876855682,103.7987900231,,,-0.9683874862,4.3069467364568785,2.0459601179724034
1117000000,용산구,서울,district,2022-03,51.28789105,82.662341032894,102.343983360291,,,,,
1117000000,용산구,서울,district,2022-06,49.9902964036,84.28900955656,103.359770172226,,,-1.2975946464,1.9678471518471712,0.9925222554207527
1117000000,용산구,서울,district,2022-09,49.6518071551,84.497681725192,103.096853583512,,,-0.3384892485,0.24756747021920555,-0.2543703302318766
1117000000,용산구,서울,district,2022-12,45.3903365296,83.983141506529,97.20413614473,,,,,
1117000000,용산구,서울,district,2023-03,42.8152619511,82.754964017853,90.07692272219,,,-2.5750745785,-1.4624095582093928,-7.332212090160535
1117000000,용산구,서울,district,2023-06,42.277180898,81.302478668214,87.477977435806,,,-0.5380810531,-1.7551640156905277,-2.8852509697733746
1117000000,용산구,서울,district,2023-09,41.9417270845,80.998713711824,86.55928683993,,,-0.3354538135,-0.3736232417090623,-1.0501964297816135
1117000000,용산구,서울,district,2023-12,42.6424859941,81.899822838647,88.581392410517,,,0.7007589096,1.1124980700668314,2.3360931500352864
1117000000,용산구,서울,district,2024-03,43.2343633645,81.673341123406,89.566335078348,,,0.5918773704,-0.27653504902836923,1.111906960399124
1117000000,용산구,서울,district,2024-06,43.7141195184,82.296515555787,91.177979250805,,,0.4797561539,0.7630083743475143,1.7993860874704954
1117000000,용산구,서울,district,2024-09,43.6632639647,84.048425192741,93.169611764639,,,-0.0508555537,2.128777415571646,2.184335000840037
1117000000,용산구,서울,district,2024-12,43.6326192537,85.236789843523,94.042136771628,,,-0.030644711,1.4139047198764592,0.9364909764710994
1117000000,용산구,서울,district,2025-03,43.5814722801,86.465600321115,94.869780209422,,,-0.0511469736,1.4416433090075778,0.8800772358074445
1117000000,용산구,서울,district,2025-06,42.4529637319,90.307289452355,96.359306826769,,,-1.1285085482,4.4430260322865704,1.5700749111665673
1117000000,용산구,서울,district,2025-09,41.2529766569,94.030372383819,98.096326228234,,,-1.199987075,4.122682625114391,1.8026482948738367
1117000000,용산구,서울,district,2025-12,39.9021603883,99.223275674163,99.764532635886,,,-1.3508162686,5.522580798837301,1.7005799011990506
1117000000,용산구,서울,district,2026-03,38.8396891156,102.573102010586,100.852350265513,,,-1.0624712727,3.3760489297122347,1.0903851307530752
1117000000,용산구,서울,district,2026-06,39.0091916671,104.2625974615,102.8683432815,,,0.1695025515,1.647113539317195,1.9989549184322575
1120000000,성동구,서울,district,2022-03,53.17174704,82.663283283664,102.855621515051,,,,,
1120000000,성동구,서울,district,2022-06,53.4522946234,82.825404289,103.654628676158,,,0.2805475834,0.1961221462492266,0.7768240076115628
1120000000,성동구,서울,district,2022-09,53.3382116769,82.854660367865,103.130642644548,,,-0.1140829465,0.03532259107715033,-0.5055114646612245
1120000000,성동구,서울,district,2022-12,51.8371352758,80.714712357513,97.708982527511,,,,,
1120000000,성동구,서울,district,2023-03,50.6531739484,75.934707946685,89.84824842616,,,-1.1839613274,-5.92209805525383,-8.04504754630694
1120000000,성동구,서울,district,2023-06,50.7766188094,74.608015526577,88.279276686974,,,0.123444861,-1.7471489072421171,-1.7462463283025804
1120000000,성동구,서울,district,2023-09,50.9339071518,74.822478660344,88.89176693155,,,0.1572883424,0.28745320761226195,0.6938097677757431
1120000000,성동구,서울,district,2023-12,51.1797004745,75.303412440994,89.914110343477,,,0.2457933227,0.6427664376546449,1.1500991005322718
1120000000,성동구,서울,district,2024-03,51.8617518642,75.185198685994,91.015093184778,,,0.6820513897,-0.1569832643276685,1.2244828282181552
1120000000,성동구,서울,district,2024-06,52.5143757011,75.886998446646,93.064361321403,,,0.6526238369,0.9334280854706791,2.251569563813548
1120000000,성동구,서울,district,2024-09,52.1387483257,78.993107938928,96.248800072193,,,-0.3756273754,4.093072009516646,3.4217596355627067
1120000000,성동구,서울,district,2024-12,51.8702218478,80.475787836654,97.576213672245,,,-0.2685264779,1.8769737467125682,1.379148206581642
1120000000,성동구,서울,district,2025-03,51.2818247634,81.422352066576,97.799726354228,,,-0.5883970844,1.1762099575132983,0.22906472138155626
1120000000,성동구,서울,district,2025-06,48.935137,85.949851959278,98.22399857133,,,-2.3466877634,5.560512289057964,0.4338173867330644
1120000000,성동구,서울,district,2025-09,46.7034807521,90.608330790106,98.933587815178,,,-2.2316562479,5.419996340465055,0.7224194231236659
1120000000,성동구,서울,district,2025-12,43.2846651138,98.974606979737,99.948014486293,,,-3.4188156383,9.233451401959341,1.0253612484064494
1120000000,성동구,서울,district,2026-03,41.4848057335,103.479559956782,100.905959714532,,,-1.7998593803,4.5516250223325425,0.9584434800056721
1120000000,성동구,서울,district,2026-06,41.5790772697,107.5763898556,105.2565021826,,,0.0942715362,3.959071627796863,4.311482176450134
1121500000,광진구,서울,district,2022-03,54.37528744,83.388124978034,101.549008484397,,,,,
1121500000,광진구,서울,district,2022-06,54.4820524049,84.316105491447,101.996680620847,,,0.1067649649,1.1128449208534759,0.44084343425055184
1121500000,광진구,서울,district,2022-09,54.185424215,84.331950154457,101.519331049813,,,-0.2966281899,0.018791976832477488,-0.4680050057790165
1121500000,광진구,서울,district,2022-12,53.6422559658,82.942213475382,96.121606663503,,,,,
1121500000,광진구,서울,district,2023-03,51.2787051895,79.325537034182,87.879803109944,,,-2.3635507763,-4.36047736087181,-8.574350595710944
1121500000,광진구,서울,district,2023-06,50.831373263,77.815127569855,85.585341571646,,,-0.4473319265,-1.9040645935698521,-2.6109088289916427
1121500000,광진구,서울,district,2023-09,51.2071117293,77.901390063533,86.453527821982,,,0.3757384663,0.11085568625530011,1.014409984692549
1121500000,광진구,서울,district,2023-12,51.8575664655,78.340812517994,88.10460517651,,,0.6504547362,0.5640752419213907,1.9097859811201259
1121500000,광진구,서울,district,2024-03,52.3768766661,78.205059317483,88.972103387481,,,0.5193102006,-0.17328541298932662,0.9846230049303801
1121500000,광진구,서울,district,2024-06,53.0072072488,78.281276026753,90.212849610934,,,0.6303305827,0.09745751737184796,1.3945339901086138
1121500000,광진구,서울,district,2024-09,52.9191336249,81.063667090712,92.934631177373,,,-0.0880736239,3.5543506764096495,3.01706639151449
1121500000,광진구,서울,district,2024-12,52.7110872228,82.253567267572,93.831850748646,,,-0.2080464021,1.4678588072366328,0.9654308193902297
1121500000,광진구,서울,district,2025-03,52.3710377716,82.707722704194,93.75407676158,,,-0.3400494512,0.5521407176720081,-0.08288655338829314
1121500000,광진구,서울,district,2025-06,51.0993248621,85.872287903689,94.2314462128,,,-1.2717129095,3.8262027970630235,0.5091719397269174
1121500000,광진구,서울,district,2025-09,49.537002906,90.556986896684,95.995449495974,,,-1.5623219561,5.455425850827656,1.8719900352483239
1121500000,광진구,서울,district,2025-12,46.6003232016,99.301441873454,99.123794544425,,,-2.9366797044,9.656300718956675,3.2588472316932076
1121500000,광진구,서울,district,2026-03,45.9408705018,102.618160707483,101.003094892489,,,-0.6594526998,3.3400510319434242,1.8959124362634654
1121500000,광진구,서울,district,2026-06,45.7305950621,105.9379521736,103.9102301576,,,-0.2102754397,3.235091569785774,2.8782635504441223
1123000000,동대문구,서울,district,2022-03,56.97368786,103.068836385757,109.037329228791,,,,,
1123000000,동대문구,서울,district,2022-06,57.0589948738,103.362097629362,109.55207332174,,,0.0853070138,0.2845294988170891,0.4720806136666481
1123000000,동대문구,서울,district,2022-09,57.1175166297,102.858037301567,109.105878635736,,,0.0585217559,-0.48766456888526993,-0.40729004251118556
1123000000,동대문구,서울,district,2022-12,57.807557814,98.032757592662,101.035405997015,,,,,
1123000000,동대문구,서울,district,2023-03,56.6416853599,93.247501861429,94.143092579654,,,-1.1658724541,-4.881282388399517,-6.821681319877734
1123000000,동대문구,서울,district,2023-06,56.10179928,90.626777452292,90.619067830319,,,-0.5398860799,-2.810503613310245,-3.7432642722601663
1123000000,동대문구,서울,district,2023-09,56.3691916327,90.115787509827,90.353655762215,,,0.2673923527,-0.5638399122533037,-0.29288766090705626
1123000000,동대문구,서울,district,2023-12,56.9528074992,89.984369521404,91.160577562135,,,0.5836158665,-0.14583236972619149,0.8930704497929641
1123000000,동대문구,서울,district,2024-03,57.8401963653,89.577647768526,92.166216312032,,,0.8873888661,-0.45199155702397376,1.10315091982777
1123000000,동대문구,서울,district,2024-06,58.9447444741,89.100625544693,93.539085447669,,,1.1045481088,-0.5325237218392405,1.489557877681669
1123000000,동대문구,서울,district,2024-09,59.6338353374,91.260143818747,97.082474347757,,,0.6890908633,2.423684750642724,3.788137208237267
1123000000,동대문구,서울,district,2024-12,59.8345849796,91.943313465167,98.163800937736,,,0.2007496422,0.7485958468100297,1.1138226515587188
1123000000,동대문구,서울,district,2025-03,59.1915725452,92.201897328785,97.519339651997,,,-0.6430124344,0.2812427069163276,-0.6565162306090544
1123000000,동대문구,서울,district,2025-06,58.8527939949,93.014340560763,97.80808446369,,,-0.3387785503,0.8811567391947357,0.29608979380233846
1123000000,동대문구,서울,district,2025-09,57.9674374021,94.576320118199,98.360359476815,,,-0.8853565928,1.6792889655715117,0.5646517014961325
1123000000,동대문구,서울,district,2025-12,56.1743372823,98.865237364391,99.453329163189,,,-1.7931001198,4.53487431191214,1.111189194699547
1123000000,동대문구,서울,district,2026-03,54.6668410675,104.116113226352,102.211908213339,,,-1.5074962148,5.311144748085383,2.77374229033958
1123000000,동대문구,서울,district,2026-06,53.5435592846,110.1260085242,106.4150995478,,,-1.1232817829,5.772300858736708,4.112232525478347
1126000000,중랑구,서울,district,2022-03,59.82072677,111.299079786556,105.632107426026,,,,,
1126000000,중랑구,서울,district,2022-06,60.165914759,111.523147698462,105.752820449518,,,0.345187989,0.20132054311294093,0.11427682968129282
1126000000,중랑구,서울,district,2022-09,60.1396353987,111.570001047651,105.745038263346,,,-0.0262793603,0.042012219127532884,-0.007358845030251361
1126000000,중랑구,서울,district,2022-12,60.2542040551,109.518969950353,104.023205124416,,,,,
1126000000,중랑구,서울,district,2023-03,58.3069579589,106.693826705981,98.073677722059,,,-1.9472460962,-2.579592599941992,-5.719423272183473
1126000000,중랑구,서울,district,2023-06,58.5964886339,102.550809926346,94.797199975805,,,0.289530675,-3.883089497813234,-3.3408329557493954
1126000000,중랑구,서울,district,2023-09,58.5317837466,101.045281823968,93.303510966522,,,-0.0647048873,-1.468080167732756,-1.5756678569242897
1126000000,중랑구,서울,district,2023-12,59.4542968988,99.968619735582,93.788146154253,,,0.9225131522,-1.0655243559631649,0.5194179540627263
1126000000,중랑구,서울,district,2024-03,59.8604294475,99.186234085337,93.721389290593,,,0.4061325487,-0.7826312419981569,-0.07117835931014699
1126000000,중랑구,서울,district,2024-06,61.5090157587,97.767601236886,94.998579440592,,,1.6485863112,-1.430271913772277,1.3627520458952416
1126000000,중랑구,서울,district,2024-09,61.9844315497,98.282121539227,96.150231606775,,,0.475415791,0.5262687187080954,1.2122835656749935
1126000000,중랑구,서울,district,2024-12,62.1739596274,98.340478130604,96.485386699445,,,0.1895280777,0.05937660935993159,0.34857439973798676
1126000000,중랑구,서울,district,2025-03,62.5797519634,98.201916838196,96.974061297213,,,0.405792336,-0.14089955127529433,0.5064752440597421
1126000000,중랑구,서울,district,2025-06,63.1400175055,98.441353786484,98.076875592754,,,0.5602655421,0.24382105359767287,1.1372260589984122
1126000000,중랑구,서울,district,2025-09,63.3420204596,98.947586649138,98.921726210268,,,0.2020029541,0.51424817231994,0.8614167329535305
1126000000,중랑구,서울,district,2025-12,63.3936852536,99.660334121449,99.692509383186,,,0.051664794,0.7203283035475724,0.7791849196804588
1126000000,중랑구,서울,district,2026-03,63.0069443189,101.506036612296,100.900321683889,,,-0.3867409347,1.8519930794108848,1.2115376653430974
1126000000,중랑구,서울,district,2026-06,62.8956971612,104.6495648659,103.8246033297,,,-0.1112471577,3.096887986682761,2.898188625178513
1129000000,성북구,서울,district,2022-03,61.52814813,107.05112660887,109.426840799663,,,,,
1129000000,성북구,서울,district,2022-06,61.1225521399,106.975761368721,108.760089487527,,,-0.4055959901,-0.07040116487924511,-0.6093124020245436
1129000000,성북구,서울,district,2022-09,61.1448519737,106.198793124827,107.977302687497,,,0.0222998338,-0.7263030745964668,-0.7197371790685891
1129000000,성북구,서울,district,2022-12,58.6086042192,101.179354377198,98.658557454655,,,,,
1129000000,성북구,서울,district,2023-03,57.3256407686,95.981123298048,91.554318361695,,,-1.2829634506,-5.137640095795556,-7.200834145811648
1129000000,성북구,서울,district,2023-06,57.8904004609,92.702160312846,89.326069595896,,,0.5647596923,-3.4162581896649726,-2.4337997438810786
1129000000,성북구,서울,district,2023-09,57.9232797041,92.098257199691,88.867789787111,,,0.0328792432,-0.6514444875038315,-0.5130415016111436
1129000000,성북구,서울,district,2023-12,59.0154829447,92.107117797305,90.600769608146,,,1.0922032406,0.00962080921334712,1.9500651756800458
1129000000,성북구,서울,district,2024-03,60.0203094248,91.801803718675,91.889686762579,,,1.0048264801,-0.33147718214556193,1.4226337811562169
1129000000,성북구,서울,district,2024-06,60.6681575006,91.571336984511,92.650721616517,,,0.6478480758,-0.2510481546422129,0.8282048625373294
1129000000,성북구,서울,district,2024-09,61.2198884805,93.928959306396,95.879310797766,,,0.5517309799,2.574629135625468,3.484688651009313
1129000000,성북구,서울,district,2024-12,61.4974936876,94.611906224617,96.921054872914,,,0.2776052071,0.7270887735413197,1.0865160236135873
1129000000,성북구,서울,district,2025-03,61.3231217541,94.592032823657,96.605998909801,,,-0.1743719335,-0.021005179742197348,-0.3250645213530863
1129000000,성북구,서울,district,2025-06,60.6652389498,95.264690764302,96.213378319644,,,-0.6578828043,0.7111147953644269,-0.40641429578672605
1129000000,성북구,서울,district,2025-09,60.4012022548,96.43154844852,96.981216829099,,,-0.264036695,1.224858522980951,0.7980579446073036
1129000000,성북구,서울,district,2025-12,60.068186656,99.045032823578,99.179679570566,,,-0.3330155988,2.710196421302111,2.2668953982513407
1129000000,성북구,서울,district,2026-03,58.5269900014,104.179542474584,101.961901547578,,,-1.5411966546,5.184015295498709,2.8052338836530106
1129000000,성북구,서울,district,2026-06,58.4714624707,109.5485034485,107.1974151759,,,-0.0555275307,5.153565514290706,5.134774409713198
1130500000,강북구,서울,district,2022-03,59.32126547,112.309108396285,107.186888500254,,,,,
1130500000,강북구,서울,district,2022-06,59.5290055226,112.765303828447,107.981157892808,,,0.2077400526,0.4061962904667581,0.7410135732712475
1130500000,강북구,서울,district,2022-09,59.7097791595,112.744467055487,107.994042556453,,,0.1807736369,-0.018478000105156073,0.011932325876511251
1130500000,강북구,서울,district,2022-12,59.2851277937,108.750137327426,103.137501452817,,,,,
1130500000,강북구,서울,district,2023-03,56.6460650189,102.752752977729,93.086422896122,,,-2.6390627748,-5.514829219608261,-9.745319030530455
1130500000,강북구,서울,district,2023-06,56.8283307597,100.104830026593,91.306511626098,,,0.1822657408,-2.5769849219610887,-1.91210620694949
1130500000,강북구,서울,district,2023-09,57.0784549376,99.526578172591,91.162957272573,,,0.2501241779,-0.577646307224523,-0.15722247073993798
1130500000,강북구,서울,district,2023-12,57.9386443324,99.422128296885,92.483212299417,,,0.8601893948,-0.10494671636843719,1.4482362862544036
1130500000,강북구,서울,district,2024-03,59.3049588058,98.675453713152,93.987077552464,,,1.3663144734,-0.7510144839218796,1.6260953914297376
1130500000,강북구,서울,district,2024-06,60.9919452198,97.618536590854,95.625617528872,,,1.686986414,-1.0711043958008457,1.743367300141192
1130500000,강북구,서울,district,2024-09,62.1765108648,97.535351177118,97.361090070683,,,1.184565645,-0.08521477235891461,1.81486152629238
1130500000,강북구,서울,district,2024-12,62.7200706402,97.801293947819,98.471841073541,,,0.5435597754,0.27266295501214205,1.140857196701072
1130500000,강북구,서울,district,2025-03,62.6701976279,97.704451667905,98.273471129862,,,-0.0498730123,-0.09901942602688808,-0.2014483953142024
1130500000,강북구,서울,district,2025-06,62.5593726644,97.725204800017,98.14578006119,,,-0.1108249635,0.021240723178652474,-0.12993442401486416
1130500000,강북구,서울,district,2025-09,62.4370027103,98.526671677464,98.766085602738,,,-0.1223699541,0.8201229959938243,0.6320246689783953
1130500000,강북구,서울,district,2025-12,62.3752312489,99.690780176997,99.777082246191,,,-0.0617714614,1.1815161110321628,1.0236273284328412
1130500000,강북구,서울,district,2026-03,61.6561523249,102.613951691028,101.388183099109,,,-0.719078924,2.9322385769687282,1.6147003065721577
1130500000,강북구,서울,district,2026-06,63.4024346214,107.0926049319,108.9328696842,,,1.7462822965,4.364565604448492,7.441386515148334
1132000000,도봉구,서울,district,2022-03,54.72959299,121.911098726319,109.554344446911,,,,,
1132000000,도봉구,서울,district,2022-06,54.8043575796,122.380030043488,110.41225382138,,,0.0747645896,0.384650226327395,0.783090235992179
1132000000,도봉구,서울,district,2022-09,55.4970403035,120.738384497549,110.509062773958,,,0.6926827239,-1.3414325403872167,0.08767953667046159
1132000000,도봉구,서울,district,2022-12,54.3976242227,113.902378637548,105.802685667682,,,,,
1132000000,도봉구,서울,district,2023-03,53.4726877114,108.72667132067,99.542884397997,,,-0.9249365113,-4.543985278259873,-5.916486174412007
1132000000,도봉구,서울,district,2023-06,53.5746343101,104.019050157874,95.46283879885,,,0.1019465987,-4.329775855007745,-4.098781770110229
1132000000,도봉구,서울,district,2023-09,52.4547262053,101.868002507342,91.639209862741,,,-1.1199081048,-2.0679362552025484,-4.00535850831524
1132000000,도봉구,서울,district,2023-12,53.2410818122,101.017504583469,92.432287905298,,,0.7863556069,-0.8349019347971425,0.8654352691875975
1132000000,도봉구,서울,district,2024-03,54.4011695002,99.864384464819,93.531534807654,,,1.160087688,-1.141505250406574,1.1892455842727159
1132000000,도봉구,서울,district,2024-06,56.0524108187,98.832016512478,95.447591903178,,,1.6512413185,-1.033769904930111,2.0485680037907414
1132000000,도봉구,서울,district,2024-09,57.1907165465,98.812116082717,96.582254706223,,,1.1383057278,-0.020135610365177036,1.1887809638990174
1132000000,도봉구,서울,district,2024-12,57.5241907547,99.086603932375,97.450260364829,,,0.3334742082,0.2777876444101474,0.8987216764055028
1132000000,도봉구,서울,district,2025-03,57.648444304,98.69805220817,97.285517256972,,,0.1242535493,-0.39213345576984376,-0.16905353278713026
1132000000,도봉구,서울,district,2025-06,58.1910148327,98.507409500162,98.014181064803,,,0.5425705287,-0.1931575180489925,0.7489951519775468
1132000000,도봉구,서울,district,2025-09,58.5524481954,98.97962136821,99.043343437303,,,0.3614333627,0.4793668521424507,1.0500137442555988
1132000000,도봉구,서울,district,2025-12,58.4909211975,99.735117654294,99.560953332402,,,-0.0615269979,0.7632846798569874,0.5226094729189554
1132000000,도봉구,서울,district,2026-03,59.3760581503,101.150812319495,102.462148957391,,,0.8851369528,1.4194545497084985,2.9139893983365557
1132000000,도봉구,서울,district,2026-06,61.107602898,103.5945827215,107.9302333681,,,1.7315447477,2.415967154357699,5.336687221915391
1135000000,노원구,서울,district,2022-03,52.11304208,117.711126264851,105.839341603511,,,,,
1135000000,노원구,서울,district,2022-06,52.6990705787,117.473250943918,106.768409161124,,,0.5860284987,-0.20208397326670596,0.8778092753953602
1135000000,노원구,서울,district,2022-09,52.9174737835,116.556083307437,106.58957118481,,,0.2184032048,-0.7807459392767278,-0.16750083448758327
1135000000,노원구,서울,district,2022-12,50.4709793405,110.804804023231,102.342753876512,,,,,
1135000000,노원구,서울,district,2023-03,50.0752628098,104.072495333149,95.81908740854,,,-0.3957165307,-6.075827442166248,-6.3743315680595565
1135000000,노원구,서울,district,2023-06,49.1395888337,101.461194006694,91.746022889703,,,-0.9356739761,-2.5091176281455536,-4.250786173187851
1135000000,노원구,서울,district,2023-09,49.1596782507,99.717717703037,90.103616337878,,,0.020089417,-1.7183676189952708,-1.7901664836191318
1135000000,노원구,서울,district,2023-12,49.6508907972,99.079995346845,90.220939930904,,,0.4912125465,-0.6395276294741927,0.1302096384079084
1135000000,노원구,서울,district,2024-03,50.3193498961,98.247918828434,90.717458353984,,,0.6684590989,-0.8398027427213598,0.550336123144206
1135000000,노원구,서울,district,2024-06,51.2977658798,97.597759806706,91.98404641263,,,0.9784159837,-0.6617534798506459,1.3961899744850774
1135000000,노원구,서울,district,2024-09,54.0138599703,97.197989682706,94.842709164292,,,2.7160940905,-0.4096099385803029,3.1077810372011285
1135000000,노원구,서울,district,2024-12,54.2543940055,97.413012755669,95.492557932281,,,0.2405340352,0.22122172862311584,0.6851857920499662
1135000000,노원구,서울,district,2025-03,54.5142644106,97.248979866113,95.790033759282,,,0.2598704051,-0.16838909393699458,0.31151728830214853
1135000000,노원구,서울,district,2025-06,54.9945169994,97.190762150403,96.572890861645,,,0.4802525888,-0.05986460299136394,0.8172636250763838
1135000000,노원구,서울,district,2025-09,55.1621336526,98.197536344983,97.790962882045,,,0.1676166532,1.0358743694405996,1.2612980822382847
1135000000,노원구,서울,district,2025-12,55.3472992555,99.438397087794,99.408795092832,,,0.1851656029,1.2636373467167914,1.6543780356661604
1135000000,노원구,서울,district,2026-03,55.2682285538,103.245814499025,102.873175293744,,,-0.0790707017,3.828920741622009,3.4849835949392807
1135000000,노원구,서울,district,2026-06,56.0072344499,106.2050130806,107.1748387454,,,0.7390058961,2.8661680823903475,4.18152102272826
1138000000,은평구,서울,district,2022-03,61.05841009,106.170259190459,107.38606305954,,,,,
1138000000,은평구,서울,district,2022-06,60.6893522762,106.533332081088,106.977177211645,,,-0.3690578138,0.34197231258302097,-0.38076249025750575
1138000000,은평구,서울,district,2022-09,60.2946393491,106.612761512732,106.369492297029,,,-0.3947129271,0.0745582909051809,-0.568050990365682
1138000000,은평구,서울,district,2022-12,58.1515435791,104.312294317465,100.148739106608,,,,,
1138000000,은평구,서울,district,2023-03,56.4336122174,100.411790053328,93.546086468301,,,-1.7179313617,-3.7392565178042863,-6.592846497326839
1138000000,은평구,서울,district,2023-06,56.4756037675,98.082451560999,91.583922266617,,,0.0419915501,-2.31978584496094,-2.0975374553471013
1138000000,은평구,서울,district,2023-09,56.7049904471,96.666180758466,90.688818549723,,,0.2293866796,-1.4439594239263067,-0.9773590109934304
1138000000,은평구,서울,district,2023-12,57.4869795302,96.12688565244,91.416912636076,,,0.7819890831,-0.5578942933242644,0.8028487943679622
1138000000,은평구,서울,district,2024-03,58.5481579679,95.69346530053,92.705397080995,,,1.0611784377,-0.45088358888177343,1.409459593159049
1138000000,은평구,서울,district,2024-06,59.7684596251,95.61154853501,94.929882459792,,,1.2203016572,-0.08560330139862361,2.3995209004428384
1138000000,은평구,서울,district,2024-09,60.4862221479,96.965585655424,97.364246817677,,,0.7177625228,1.4161857444639059,2.564381514868183
1138000000,은평구,서울,district,2024-12,60.8392901813,97.375930924699,98.349419359229,,,0.3530680334,0.42318650117083717,1.0118422046614515
1138000000,은평구,서울,district,2025-03,60.8499105389,97.069646148713,98.119514159023,,,0.0106203576,-0.3145384830496261,-0.2337636578882618
1138000000,은평구,서울,district,2025-06,60.8797017216,97.705128679394,98.757918769219,,,0.0297911827,0.6546665779613801,0.6506397995013847
1138000000,은평구,서울,district,2025-09,60.7487783152,98.260451973566,99.122855939331,,,-0.1309234064,0.5683665757139703,0.3695269955666017
1138000000,은평구,서울,district,2025-12,60.4273590573,99.484343729659,99.747843021768,,,-0.3214192579,1.2455588504948574,0.6305176303833787
1138000000,은평구,서울,district,2026-03,59.5063175904,102.197277248379,101.419210671168,,,-0.9210414669,2.726995441707076,1.6755927735051444
1138000000,은평구,서울,district,2026-06,60.2647793434,104.8797190274,105.4041605781,,,0.758461753,2.6247683414320586,3.9291864732140565
1141000000,서대문구,서울,district,2022-03,56.10273618,99.023822286349,97.722606656419,,,,,
1141000000,서대문구,서울,district,2022-06,56.3004135867,98.930032174328,97.865769446191,,,0.1976774067,-0.0947146957726853,0.14649915170124683
1141000000,서대문구,서울,district,2022-09,56.3177788128,98.630881786264,97.563175640892,,,0.0173652261,-0.30238581903709166,-0.3091926901625941
1141000000,서대문구,서울,district,2022-12,54.9387288508,96.32830635101,93.186219883411,,,,,
1141000000,서대문구,서울,district,2023-03,55.0203444723,89.498038820137,86.752028594885,,,0.0816156215,-7.0906131225688105,-6.904659612307564
1141000000,서대문구,서울,district,2023-06,55.5775811098,87.872519973214,86.065191657121,,,0.5572366375,-1.8162619743989958,-0.7917243537570678
1141000000,서대문구,서울,district,2023-09,55.6821903257,87.463054658681,85.913570588992,,,0.1046092159,-0.4659765244672811,-0.17617002322268685
1141000000,서대문구,서울,district,2023-12,56.451418296,88.180645253373,87.860267099051,,,0.7692279703,0.8204499574047026,2.265877784747114
1141000000,서대문구,서울,district,2024-03,57.9296733304,87.961491223244,90.027317864405,,,1.4782550344,-0.24852849454582226,2.466474137747536
1141000000,서대문구,서울,district,2024-06,59.0928713117,88.313834734435,92.182404555276,,,1.1631979813,0.40056564104485365,2.3938141688469408
1141000000,서대문구,서울,district,2024-09,59.739934093,90.705763562929,95.819572173919,,,0.6470627813,2.708441815131993,3.945620247367293
1141000000,서대문구,서울,district,2024-12,60.1380846376,91.620759319951,97.170145009989,,,0.3981505446,1.0087515071599642,1.4094957902949294
1141000000,서대문구,서울,district,2025-03,60.2279118144,91.973716118667,97.599574647504,,,0.0898271768,0.38523670981969416,0.4419357792157818
1141000000,서대문구,서울,district,2025-06,59.6602470664,93.411464273649,98.135245391305,,,-0.567664748,1.5632163357702955,0.5488453671398241
1141000000,서대문구,서울,district,2025-09,58.5871622168,95.427170929176,98.544571154699,,,-1.0730848496,2.1578793044309688,0.4171037243162253
1141000000,서대문구,서울,district,2025-12,57.2130417163,98.937625935001,99.608510346132,,,-1.3741205005,3.678674502915301,1.0796527692659883
1141000000,서대문구,서울,district,2026-03,55.1264749067,104.510032022716,101.485694640838,,,-2.0865668096,5.632241561340779,1.884562160585403
1141000000,서대문구,서울,district,2026-06,54.6915851871,108.3287881256,104.4578251102,,,-0.4348897196,3.653961279098992,2.928620117229813
1144000000,마포구,서울,district,2022-03,55.24871263,85.918280782282,100.409857136785,,,,,
1144000000,마포구,서울,district,2022-06,55.0694461467,86.390305851412,100.83024882783,,,-0.1792664833,0.5493884012019717,0.4186757187317919
1144000000,마포구,서울,district,2022-09,55.0343420555,86.308298304642,100.731224643448,,,-0.0351040912,-0.09492679295643405,-0.09820880691377258
1144000000,마포구,서울,district,2022-12,53.7471054865,83.749972223326,93.861046312383,,,,,
1144000000,마포구,서울,district,2023-03,51.7516172527,80.506589072949,86.691304863995,,,-1.9954882338,-3.8726975833833825,-7.63867624544273
1144000000,마포구,서울,district,2023-06,51.8788451383,78.922090908643,85.249205491929,,,0.1272278856,-1.9681596035204612,-1.6634879061151828
1144000000,마포구,서울,district,2023-09,52.1514889883,79.716854804279,86.671815213219,,,0.27264385,1.0070233650499534,1.668765958674754
1144000000,마포구,서울,district,2023-12,53.3180773065,79.956590995803,89.081834951562,,,1.1665883182,0.3007346339900148,2.7806268190116654
1144000000,마포구,서울,district,2024-03,54.3696895481,79.857288489576,90.855818551554,,,1.0516122416,-0.12419552283339905,1.9914089117681497
1144000000,마포구,서울,district,2024-06,55.3853483294,80.501051614619,93.454704750222,,,1.0156587813,0.8061419780450375,2.860451031205363
1144000000,마포구,서울,district,2024-09,54.7265099147,83.354217439712,95.550231869857,,,-0.6588384147,3.544259072231629,2.242291733985733
1144000000,마포구,서울,district,2024-12,54.8485022844,84.359019031222,97.021485241612,,,0.1219923697,1.2054598104010126,1.5397695463040868
1144000000,마포구,서울,district,2025-03,54.5835157658,84.941732580125,97.364762288424,,,-0.2649865186,0.6907542970447922,0.35381549350346403
1144000000,마포구,서울,district,2025-06,53.1030582904,87.945947899215,97.816275461157,,,-1.4804574754,3.5367954335710574,0.46373365694200624
1144000000,마포구,서울,district,2025-09,51.105639565,91.975046834956,98.302732677187,,,-1.9974187254,4.581335504346714,0.4973172549625169
1144000000,마포구,서울,district,2025-12,48.5115404622,98.80890482995,99.46038802636,,,-2.5940991028,7.430121788637923,1.1776431007005523
1144000000,마포구,서울,district,2026-03,47.3913511183,103.294772519661,101.572155343452,,,-1.1201893439,4.539942728270466,2.1232244906709172
1144000000,마포구,서울,district,2026-06,47.1380846646,106.4731829008,103.7713224371,,,-0.2532664537,3.0770292664462042,2.165127919371037
1147000000,양천구,서울,district,2022-03,54.26643762,86.100491200081,101.197896046692,,,,,
1147000000,양천구,서울,district,2022-06,54.152555435,86.593277964435,101.397636140048,,,-0.113882185,0.5723390859743858,0.19737573720291707
1147000000,양천구,서울,district,2022-09,54.3601427029,86.204559841872,101.187536283845,,,0.2075872679,-0.44890103677868815,-0.20720389961834523
1147000000,양천구,서울,district,2022-12,50.9204782321,83.083392280864,94.566805334572,,,,,
1147000000,양천구,서울,district,2023-03,48.6422183951,80.770825448846,87.541474851499,,,-2.278259837,-2.7834285150519027,-7.428960361109565
1147000000,양천구,서울,district,2023-06,48.5939015396,79.88182618632,86.558776868183,,,-0.0483168555,-1.1006440228706384,-1.1225513220824757
1147000000,양천구,서울,district,2023-09,48.3646176268,80.792959453452,86.952352805104,,,-0.2292839128,1.1406014492042675,0.4546921192294128
1147000000,양천구,서울,district,2023-12,48.753320816,81.641793043014,88.641687909175,,,0.3887031892,1.0506281677316776,1.9428285142065047
1147000000,양천구,서울,district,2024-03,49.8683790708,81.228126455208,90.40037273402,,,1.1150582548,-0.5066848392073586,1.984038059662179
1147000000,양천구,서울,district,2024-06,50.5844084079,81.118623315377,91.584875669699,,,0.7160293371,-0.13480938759726757,1.3102854555302523
1147000000,양천구,서울,district,2024-09,50.5336101681,83.184720497847,93.623784962671,,,-0.0507982398,2.547007207503171,2.226251090109386
1147000000,양천구,서울,district,2024-12,50.6605436663,84.347652908045,95.147189786353,,,0.1269334982,1.3980120426420128,1.627155774880711
1147000000,양천구,서울,district,2025-03,50.5227316746,85.381218669636,95.953328466853,,,-0.1378119917,1.225363985786046,0.8472543249150432
1147000000,양천구,서울,district,2025-06,48.7581802602,91.5486985512,97.554765714564,,,-1.7645514144,7.223461995111265,1.6689751916883375
1147000000,양천구,서울,district,2025-09,47.6459823846,95.138025114919,98.350245572995,,,-1.1121978756,3.9206745923445485,0.8154187574582452
1147000000,양천구,서울,district,2025-12,46.2936500589,99.263193266851,99.534413698597,,,-1.3523323257,4.335982533744139,1.2040316917390075
1147000000,양천구,서울,district,2026-03,45.2017262099,101.961039164637,100.344251692149,,,-1.091923849,2.717871356942279,0.8136261253362014
1147000000,양천구,서울,district,2026-06,45.0781409667,103.8359101071,101.9349104522,,,-0.1235852432,1.8388111359238273,1.5852016764558265
1150000000,강서구,서울,district,2022-03,54.92960807,104.01543205168,100.932212739281,,,,,
1150000000,강서구,서울,district,2022-06,55.2784099253,104.410153779867,102.072000615584,,,0.3488018553,0.37948381350844435,1.1292607636049725
1150000000,강서구,서울,district,2022-09,55.4513477134,103.888237521508,101.816637875283,,,0.1729377881,-0.4998711710159736,-0.2501790292743729
1150000000,강서구,서울,district,2022-12,52.9034562666,100.914253217311,94.729972425154,,,,,
1150000000,강서구,서울,district,2023-03,50.9535802598,95.595713734114,86.531824496527,,,-1.9498760068,-5.270355092202822,-8.654228137883544
1150000000,강서구,서울,district,2023-06,51.3964389931,93.553277582355,85.629829656913,,,0.4428587333,-2.136535281738414,-1.0423850934175114
1150000000,강서구,서울,district,2023-09,52.2123029628,92.859088650105,86.505119912401,,,0.8158639697,-0.7420252397238623,1.0221791389694033
1150000000,강서구,서울,district,2023-12,53.5339502852,93.055508012069,89.006628530764,,,1.3216473224,0.21152411123063278,2.8917463161673447
1150000000,강서구,서울,district,2024-03,54.5189932742,92.604909030212,90.317316407908,,,0.985042989,-0.4842260189461958,1.4725733338961127
1150000000,강서구,서울,district,2024-06,55.6047614207,92.147057835306,91.741730907193,,,1.0857681465,-0.4944135248344424,1.5771222573219428
1150000000,강서구,서울,district,2024-09,57.3281974469,92.889904467075,94.874549922143,,,1.7234360262,0.8061533913504718,3.4148244032142756
1150000000,강서구,서울,district,2024-12,57.8279653538,93.589637914786,96.42942343112,,,0.4997679069,0.7532933225903164,1.6388731332617414
1150000000,강서구,서울,district,2025-03,58.0573638285,93.753680754557,96.961730507707,,,0.2293984747,0.17527884862677012,0.5520172761037294
1150000000,강서구,서울,district,2025-06,57.8153071289,94.750827875449,97.569111528205,,,-0.2420566996,1.0635818379253688,0.6264131398208929
1150000000,강서구,서울,district,2025-09,57.5819469682,96.085356915512,98.295905331849,,,-0.2333601607,1.40846161451724,0.7449015290396496
1150000000,강서구,서울,district,2025-12,56.6090752312,99.299377731109,99.735689112511,,,-0.972871737,3.3449642263629134,1.4647444120904736
1150000000,강서구,서울,district,2026-03,54.6350554711,104.66988104139,101.292752842322,,,-1.9740197601,5.408395735191503,1.5611901252865354
1150000000,강서구,서울,district,2026-06,53.5869726245,109.6582820616,103.7677022167,,,-1.0480828466,4.765841874070171,2.4433627331963677
1153000000,구로구,서울,district,2022-03,57.86184319,109.024747455082,106.859747860053,,,,,
1153000000,구로구,서울,district,2022-06,57.7627499918,109.460857216448,106.803780203911,,,-0.0990931982,0.40000987990884956,-0.052374871982008665
1153000000,구로구,서울,district,2022-09,58.0214758137,109.228436897673,106.798436668852,,,0.2587258219,-0.21233190081401596,-0.005003132893609254
1153000000,구로구,서울,district,2022-12,55.964775261,105.354536448615,97.898185862452,,,,,
1153000000,구로구,서울,district,2023-03,54.6156687734,99.90858259394,90.426877515279,,,-1.3491064876,-5.169168825806734,-7.631712765004929
1153000000,구로구,서울,district,2023-06,55.3285924416,96.527196858392,88.631011798288,,,0.7129236682,-3.3844797391341426,-1.9859866516872278
1153000000,구로구,서울,district,2023-09,55.5266111393,95.60341737892,88.247671004911,,,0.1980186977,-0.9570147166163018,-0.4325131639582666
1153000000,구로구,서울,district,2023-12,56.6802600934,95.596938714713,90.198564989205,,,1.1536489541,-0.0067766031640083485,2.2107030838076533
1153000000,구로구,서울,district,2024-03,57.9376982581,95.221193798858,91.923924769107,,,1.2574381647,-0.39305120112300246,1.912846152384455
1153000000,구로구,서울,district,2024-06,59.4642371196,94.970570643376,94.206381933925,,,1.5265388615,-0.26320102225499065,2.4829848927262823
1153000000,구로구,서울,district,2024-09,60.0975569407,95.657821327714,95.951968271026,,,0.6333198211,0.7236459459833038,1.8529385178228468
1153000000,구로구,서울,district,2024-12,60.6816122078,95.955368699742,97.170155389141,,,0.5840552671,0.31105388759444236,1.2695801243744242
1153000000,구로구,서울,district,2025-03,60.9095804447,95.993191715985,97.59049660164,,,0.2279682369,0.03941730072587559,0.4325826287049183
1153000000,구로구,서울,district,2025-06,60.884415821,96.440026485892,98.040426941269,,,-0.0251646237,0.46548589740515117,0.46103909222390305
1153000000,구로구,서울,district,2025-09,60.8104379276,97.706572145231,99.159347590199,,,-0.0739778934,1.313298746889374,1.1412849615600797
1153000000,구로구,서울,district,2025-12,60.2579765764,99.30124155932,99.715901990116,,,-0.5524613512,1.6321004606718617,0.5612727528393
1153000000,구로구,서울,district,2026-03,58.9242287124,103.141402944677,100.961200841615,,,-1.333747864,3.867183657580944,1.2488468004054518
1153000000,구로구,서울,district,2026-06,58.6006156523,107.333801768,104.2051036138,,,-0.3236130601,4.064709906623744,3.2130192045496173
1154500000,금천구,서울,district,2022-03,58.77012676,112.60384613187,107.905471277659,,,,,
1154500000,금천구,서울,district,2022-06,58.5287141174,113.594813040771,108.674710130681,,,-0.2414126426,0.8800471235596001,0.7128821587207738
1154500000,금천구,서울,district,2022-09,58.1247089429,113.526655654056,108.586240925069,,,-0.4040051745,-0.06000043918425855,-0.0814073536571812
1154500000,금천구,서울,district,2022-12,58.9967041193,110.526188277336,103.867238794952,,,,,
1154500000,금천구,서울,district,2023-03,56.963641279,106.132518688284,96.064594566389,,,-2.0330628403,-3.9752294524328096,-7.512132140112511
1154500000,금천구,서울,district,2023-06,57.390506311,103.564192708611,94.518377620438,,,0.426865032,-2.4199237061510708,-1.6095596436233637
1154500000,금천구,서울,district,2023-09,57.5583063261,102.911489975345,94.244968488904,,,0.1678000151,-0.630239773222053,-0.2892655782052695
1154500000,금천구,서울,district,2023-12,58.3334909627,102.709320351961,95.077496140206,,,0.7751846366,-0.19645000128988002,0.8833656211578216
1154500000,금천구,서울,district,2024-03,58.8798472832,101.425555436419,94.800016601562,,,0.5463563205,-1.2499010909066828,-0.29184565213498564
1154500000,금천구,서울,district,2024-06,60.9621392319,99.830523559015,97.110211138033,,,2.0822919487,-1.5726134015641484,2.436913641250286
1154500000,금천구,서울,district,2024-09,61.9692535827,99.62296508811,98.555822544197,,,1.0071143508,-0.20791083078143072,1.4886296602827893
1154500000,금천구,서울,district,2024-12,62.1032405087,100.087150943404,99.257888971698,,,0.133986926,0.4659426216469847,0.7123540845962306
1154500000,금천구,서울,district,2025-03,62.1285475633,99.815066763995,99.008273610805,,,0.0253070546,-0.2718472619555878,-0.25148163383182
1154500000,금천구,서울,district,2025-06,62.4590082983,99.140465625262,98.882770455147,,,0.330460735,-0.675851011879842,-0.12676027071368262
1154500000,금천구,서울,district,2025-09,62.5589509584,99.633337692917,99.362660216728,,,0.0999426601,0.49714520155472336,0.48531180849011196
1154500000,금천구,서울,district,2025-12,62.6738884538,99.717011688846,99.6870144528,,,0.1149374954,0.08398192599639111,0.3264347345013957
1154500000,금천구,서울,district,2026-03,62.7819315245,100.644864023989,100.749249629945,,,0.1080430707,0.9304855003459619,1.0655702580479518
1154500000,금천구,서울,district,2026-06,62.9510879761,102.0486715957,102.3489529123,,,0.1691564516,1.39481292495601,1.587806646928645
1156000000,영등포구,서울,district,2022-03,48.79314071,90.355604580508,99.790338946116,,,,,
1156000000,영등포구,서울,district,2022-06,50.3140182521,90.845385594996,101.974892082932,,,1.5208775421,0.5420593628495938,2.1891429169266554
1156000000,영등포구,서울,district,2022-09,50.1911795663,91.116715510665,102.209427269873,,,-0.1228386858,0.2986722043083557,0.2299930719713458
1156000000,영등포구,서울,district,2022-12,52.6059030628,88.725317011789,98.541693525309,,,,,
1156000000,영등포구,서울,district,2023-03,50.0877813171,85.333474845527,89.911168448282,,,-2.5181217457,-3.8228571962288096,-8.758247162466693
1156000000,영등포구,서울,district,2023-06,50.4036686136,84.063392141577,88.331355906441,,,0.3158872965,-1.4883757004494877,-1.7570815384850964
1156000000,영등포구,서울,district,2023-09,50.5378064297,84.178980147701,88.465690448196,,,0.1341378161,0.13750100154099207,0.15208024418563748
1156000000,영등포구,서울,district,2023-12,51.5179804967,84.631997937538,90.356254868821,,,0.980174067,0.5381602260352073,2.1370594758790498
1156000000,영등포구,서울,district,2024-03,52.4227101123,84.359883878452,91.647150908805,,,0.9047296156,-0.32152621433660555,1.4286736893401788
1156000000,영등포구,서울,district,2024-06,53.8151604925,84.461644235661,94.045216867008,,,1.3924503802,0.1206264785233928,2.616629032569965
1156000000,영등포구,서울,district,2024-09,53.7367390555,86.434004037015,95.972708318584,,,-0.078421437,2.3352135980810558,2.0495369310506457
1156000000,영등포구,서울,district,2024-12,53.8372386627,87.181378385449,96.846078250239,,,0.1004996072,0.8646763004452971,0.9100190532873418
1156000000,영등포구,서울,district,2025-03,53.8618268595,87.755861952534,97.365095257084,,,0.0245881968,0.6589521497871662,0.5359194881427417
1156000000,영등포구,서울,district,2025-06,52.9421081999,90.982676718889,98.309110342225,,,-0.9197186596,3.6770361484231584,0.9695621235191224
1156000000,영등포구,서울,district,2025-09,51.7903452324,94.010018884135,98.876044319934,,,-1.1517629675,3.3273830518304486,0.5766850861893058
1156000000,영등포구,서울,district,2025-12,49.7920450671,99.029649217864,99.758393838569,,,-1.9983001653,5.3394631692560015,0.8923794683573452
1156000000,영등포구,서울,district,2026-03,47.5499851411,103.825565445434,100.729634195668,,,-2.242059926,4.842909437171734,0.9735926168485434
1156000000,영등포구,서울,district,2026-06,47.152504883,107.8243582007,103.72856904,,,-0.3974802581,3.851452903829918,2.9772120868686454
1159000000,동작구,서울,district,2022-03,53.57631594,90.474661541089,103.311008874865,,,,,
1159000000,동작구,서울,district,2022-06,53.4297988546,91.183171995935,103.939299197459,,,-0.1465170854,0.7831037362037884,0.608154280397178
1159000000,동작구,서울,district,2022-09,53.568331239,90.947476654283,103.835085245047,,,0.1385323844,-0.2584855697523962,-0.1002642438583497
1159000000,동작구,서울,district,2022-12,54.2416099185,89.025229992467,98.524782626806,,,,,
1159000000,동작구,서울,district,2023-03,50.7020243619,85.090565107767,88.025128963464,,,-3.5395855566,-4.4197188651272645,-10.656865596052906
1159000000,동작구,서울,district,2023-06,51.0717092967,81.927745380647,85.267576737606,,,0.3696849348,-3.7170040216730214,-3.1326875158598844
1159000000,동작구,서울,district,2023-09,52.1337604756,81.82879903069,87.07159491936,,,1.0620511789,-0.12077269977012346,2.115714144551694
1159000000,동작구,서울,district,2023-12,53.5070521708,81.986631579944,89.655392689517,,,1.3732916952,0.19288141965129502,2.9674404983048075
1159000000,동작구,서울,district,2024-03,55.1550801792,81.773758951222,91.840214439079,,,1.6480280084,-0.2596430962216455,2.4369105795210704
1159000000,동작구,서울,district,2024-06,56.1164371543,81.945275040467,93.757845600491,,,0.9613569751,0.20974465579760035,2.0880081488529574
1159000000,동작구,서울,district,2024-09,55.7706335573,84.194041676597,95.587367829268,,,-0.345803597,2.74422977410167,1.9513270778135487
1159000000,동작구,서울,district,2024-12,55.6404162691,85.198153915954,96.458305308937,,,-0.1302172882,1.192616745035187,0.911142862752129
1159000000,동작구,서울,district,2025-03,55.5686290519,85.525016051,96.706785830326,,,-0.0717872172,0.38364931635542465,0.25760407109907824
1159000000,동작구,서울,district,2025-06,54.3576109621,88.354229576087,97.536687450297,,,-1.2110180898,3.308053778557484,0.8581627574998502
1159000000,동작구,서울,district,2025-09,52.5933666606,91.881264919252,98.173951964788,,,-1.7642443015,3.991925864881956,0.6533587833970053
1159000000,동작구,서울,district,2025-12,49.6992361382,98.782225858885,99.643082585734,,,-2.8941305224,7.5107378481323375,1.4964566379816637
1159000000,동작구,서울,district,2026-03,47.7615124231,103.117527173521,101.143939995121,,,-1.9377237151,4.388746332593456,1.5062334187580415
1159000000,동작구,서울,district,2026-06,47.0409596855,107.235132456,103.5752089951,,,-0.7205527376,3.993118721272379,2.4037712987019093
1162000000,관악구,서울,district,2022-03,60.57491724,104.872424842966,107.265414648608,,,,,
1162000000,관악구,서울,district,2022-06,60.7535599043,105.190574261113,108.137953145889,,,0.1786426643,0.3033680384747382,0.8134387958498634
1162000000,관악구,서울,district,2022-09,60.6843855956,105.005689966944,107.765103431154,,,-0.0691743087,-0.17576127468423594,-0.3447908009059392
1162000000,관악구,서울,district,2022-12,58.3455516883,101.101832508677,99.570486364693,,,,,
1162000000,관악구,서울,district,2023-03,55.3696673498,97.402621377203,91.129319571928,,,-2.9758843385,-3.6588962234255424,-8.477579151163189
1162000000,관악구,서울,district,2023-06,55.6347247914,94.899457967074,89.314388704705,,,0.2650574416,-2.5699138018423633,-1.991599274249472
1162000000,관악구,서울,district,2023-09,56.4515445876,93.775273247737,89.680687266634,,,0.8168197962,-1.1846060487795866,0.4101226770303179
1162000000,관악구,서울,district,2023-12,56.8642787855,92.910477548866,89.506593980564,,,0.4127341979,-0.9222001375419819,-0.19412572692757674
1162000000,관악구,서울,district,2024-03,58.6174193992,92.255614993826,91.641880151406,,,1.7531406137,-0.7048317609772019,2.385618842010309
1162000000,관악구,서울,district,2024-06,59.7875678928,92.035082415352,93.258542295655,,,1.1701484936,-0.2390451556674991,1.7641084420987805
1162000000,관악구,서울,district,2024-09,60.802248832,93.452754175864,96.395386077743,,,1.0146809392,1.5403601792999795,3.3635994139210865
1162000000,관악구,서울,district,2024-12,61.3436873929,93.656494624312,97.557708092634,,,0.5414385609,0.21801438624761255,1.2057859428599476
1162000000,관악구,서울,district,2025-03,61.0718952579,93.513984041344,96.986242958758,,,-0.271792135,-0.15216305451069714,-0.5857713809075716
1162000000,관악구,서울,district,2025-06,61.0436066204,94.370712909357,98.060785475,,,-0.0282886375,0.9161505381208298,1.107932922712486
1162000000,관악구,서울,district,2025-09,60.6006285842,95.439575346165,98.40289345367,,,-0.4429780362,1.1326209200460757,0.34887338196696205
1162000000,관악구,서울,district,2025-12,59.5577735663,98.460740755578,99.678286086433,,,-1.0428550179,3.165526877561068,1.2960926127273684
1162000000,관악구,서울,district,2026-03,57.2108268391,105.045352804744,101.852220806791,,,-2.3469467272,6.687550792972242,2.180951143635173
1162000000,관악구,서울,district,2026-06,57.7179581754,108.6470597036,105.9749015149,,,0.5071313363,3.4287160761416775,4.047708214364355
1165000000,서초구,서울,district,2022-03,53.26475477,82.859859358655,105.815424563013,,,,,
1165000000,서초구,서울,district,2022-06,53.7117432924,84.118155869684,106.710334191499,,,0.4469885224,1.5185839328818105,0.8457270120889436
1165000000,서초구,서울,district,2022-09,53.2579605798,84.274263656339,106.215340616182,,,-0.4537827126,0.185581560890187,-0.4638665777474749
1165000000,서초구,서울,district,2022-12,47.9630031844,82.801631416554,98.959663426475,,,,,
1165000000,서초구,서울,district,2023-03,45.5905253897,80.554010041598,91.382324816804,,,-2.3724777947,-2.714465085414546,-7.656997151471526
1165000000,서초구,서울,district,2023-06,45.2766554567,78.630109701832,88.56055184594,,,-0.313869933,-2.3883358988242795,-3.087876103525343
1165000000,서초구,서울,district,2023-09,45.2061746173,79.283315016438,89.078583883115,,,-0.0704808394,0.8307317859315934,0.5849467131552758
1165000000,서초구,서울,district,2023-12,46.4068768489,79.472250206568,90.566176989822,,,1.2007022316,0.23830384752558292,1.6699783964448225
1165000000,서초구,서울,district,2024-03,46.9411129153,79.381382318799,91.68826006172,,,0.5342360664,-0.11433914043305925,1.2389648201934171
1165000000,서초구,서울,district,2024-06,47.2813922372,79.936296564519,92.877637670119,,,0.3402793219,0.6990483530400627,1.2971972721462592
1165000000,서초구,서울,district,2024-09,46.9595411109,82.659091796235,95.012917926317,,,-0.3218511263,3.406206377747748,2.29902515800633
1165000000,서초구,서울,district,2024-12,46.6814217681,84.220672008159,96.566334782582,,,-0.2781193428,1.889181429398584,1.6349533202102926
1165000000,서초구,서울,district,2025-03,46.0009558245,86.302594904303,97.326636183244,,,-0.6804659436,2.4719856141047067,0.787335878879332
1165000000,서초구,서울,district,2025-06,43.8492547328,92.572746747698,98.358286994424,,,-2.1517010917,7.2653109102312445,1.0599881508671842
1165000000,서초구,서울,district,2025-09,42.6823698541,95.235350064442,97.812718283506,,,-1.1668848787,2.8762280587836297,-0.5546748805709972
1165000000,서초구,서울,district,2025-12,41.7759156987,99.073939174083,99.614743941237,,,-0.9064541554,4.030634745442295,1.8423224396114883
1165000000,서초구,서울,district,2026-03,41.5294206146,101.346554761208,100.907483226971,,,-0.2464950841,2.2938581084696583,1.2977389034866067
1165000000,서초구,서울,district,2026-06,41.9835939269,102.3381450338,103.1040656894,,,0.4541733123,0.9784153737918153,2.17682811242872
1168000000,강남구,서울,district,2022-03,50.97463478,78.779380159979,105.350586036292,,,,,
1168000000,강남구,서울,district,2022-06,50.4365182566,79.457517887729,105.284928826362,,,-0.5381165234,0.8608061225829537,-0.06232258632845373
1168000000,강남구,서울,district,2022-09,50.1994131727,79.708345834408,105.125700128915,,,-0.2371050839,0.31567553750346455,-0.15123598336624527
1168000000,강남구,서울,district,2022-12,46.0492109362,77.844774151609,99.706086401109,,,,,
1168000000,강남구,서울,district,2023-03,41.6349883664,75.003075467479,86.48710268894,,,-4.4142225698,-3.650468146513678,-13.257950632010735
1168000000,강남구,서울,district,2023-06,41.1049570218,74.645275617941,85.424770427531,,,-0.5300313446,-0.47704690415413753,-1.2283129257200234
1168000000,강남구,서울,district,2023-09,41.3090211401,75.823860795706,86.638139128011,,,0.2040641183,1.578914630575397,1.4203944528119576
1168000000,강남구,서울,district,2023-12,41.8579576651,76.322579450191,88.182676765445,,,0.548936525,0.6577331320924285,1.7827456279409344
1168000000,강남구,서울,district,2024-03,42.3422907769,76.202557886835,89.283067959718,,,0.4843331118,-0.15725564337658093,1.2478541530326919
1168000000,강남구,서울,district,2024-06,42.8106808005,76.497155822095,90.639615651663,,,0.4683900236,0.3865984862312551,1.519378447610062
1168000000,강남구,서울,district,2024-09,42.3187797097,79.937972095314,93.582526808892,,,-0.4919010908,4.497966278930823,3.2468266067443383
1168000000,강남구,서울,district,2024-12,42.2137355145,81.846900104724,95.097425562296,,,-0.1050441952,2.3880115536755055,1.6187837677194006
1168000000,강남구,서울,district,2025-03,41.4499913614,84.169285826361,96.143027808919,,,-0.7637441531,2.8374754800309874,1.0995063645945404
1168000000,강남구,서울,district,2025-06,39.4414296984,91.585679275736,96.979866750619,,,-2.008561663,8.811282377606034,0.8704104299306955
1168000000,강남구,서울,district,2025-09,38.4018566145,94.875275790279,97.738732031228,,,-1.0395730839,3.591824115470114,0.7824977554984693
1168000000,강남구,서울,district,2025-12,37.5945846174,99.021077058901,99.393173075983,,,-0.8072719971,4.369738305463542,1.692717933179651
1168000000,강남구,서울,district,2026-03,37.6679308788,100.415420682163,100.653849700191,,,0.0733462614,1.4081281123942921,1.2683734558350923
1168000000,강남구,서울,district,2026-06,38.1591444218,99.9675868736,101.6949747936,,,0.491213543,-0.44598111079023706,1.0343619210890693
1171000000,송파구,서울,district,2022-03,49.36196502,79.801586745461,104.12847592834,,,,,
1171000000,송파구,서울,district,2022-06,49.1455464074,80.137065371244,104.114309993225,,,-0.2164186126,0.4203909213648331,-0.013604285464380398
1171000000,송파구,서울,district,2022-09,49.0384264948,79.590968382703,103.049549846324,,,-0.1071199126,-0.6814536893897275,-1.022683766496927
1171000000,송파구,서울,district,2022-12,47.8818193465,74.82901916088,93.464248125419,,,,,
1171000000,송파구,서울,district,2023-03,44.685363794,72.135483839368,84.048753866899,,,-3.1964555525,-3.5995865664375275,-10.073899322322067
1171000000,송파구,서울,district,2023-06,45.0627387719,72.156489291366,84.651731837457,,,0.3773749779,0.02911944424574062,0.717414527659608
1171000000,송파구,서울,district,2023-09,45.2679153293,74.171143210831,86.874397533335,,,0.2051765574,2.7920620019772313,2.62565885851671
1171000000,송파구,서울,district,2023-12,46.253567859,74.72951056793,89.346885525786,,,0.9856525297,0.7528094255091152,2.8460490808034318
1171000000,송파구,서울,district,2024-03,46.7453978709,74.326921151894,89.845674706919,,,0.4918300119,-0.5387288274423282,0.5582614079917164
1171000000,송파구,서울,district,2024-06,46.8357394854,74.590452971283,90.330732966623,,,0.0903416145,0.35455769632977013,0.539879366798996
1171000000,송파구,서울,district,2024-09,45.1876897744,78.441508365377,91.439752853813,,,-1.648049711,5.162933379123786,1.2277326340303032
1171000000,송파구,서울,district,2024-12,44.8513025923,79.669607949986,91.980964563576,,,-0.3363871821,1.5656246421072981,0.5918779227545032
1171000000,송파구,서울,district,2025-03,43.5381051568,81.958217322243,91.865868166884,,,-1.3131974355,2.8726253726436246,-0.1251306694141557
1171000000,송파구,서울,district,2025-06,41.9294265938,86.647722255743,92.617496408525,,,-1.608678563,5.721823981434128,0.8181800886871153
1171000000,송파구,서울,district,2025-09,41.0652499895,91.245145398144,95.630460351,,,-0.8641766043,5.305878819101079,3.2531260931359736
1171000000,송파구,서울,district,2025-12,39.6267674214,98.808064122109,99.301774605334,,,-1.4384825681,8.288571069687654,3.839063663250063
1171000000,송파구,서울,district,2026-03,38.8677831473,102.03244474345,100.546648061443,,,-0.7589842741,3.2632767881741365,1.2536265953520347
1171000000,송파구,서울,district,2026-06,39.3700495141,103.8543785388,103.7600865154,,,0.5022663668,1.7856416161849924,3.1959677581626607
1174000000,강동구,서울,district,2022-03,54.01773994,87.151340405176,99.972021776904,,,,,
1174000000,강동구,서울,district,2022-06,54.015082004,87.35657624261,100.342594589912,,,-0.002657936,0.23549360971367325,0.37067652171220916
1174000000,강동구,서울,district,2022-09,54.3105007461,86.879711605082,100.37914856141,,,0.2954187421,-0.5458829295274044,0.036429167142220754
1174000000,강동구,서울,district,2022-12,52.406443405,83.079752060128,92.732190171263,,,,,
1174000000,강동구,서울,district,2023-03,50.894267948,78.320875794311,84.861833907974,,,-1.512175457,-5.728081930688502,-8.487189021151755
1174000000,강동구,서울,district,2023-06,51.2115274207,77.365740099709,84.135339304227,,,0.3172594727,-1.2195161059107797,-0.8560910957154502
1174000000,강동구,서울,district,2023-09,51.6595156585,78.387186890437,86.165951735433,,,0.4479882378,1.3202830987095309,2.4135071516898026
1174000000,강동구,서울,district,2023-12,52.8475737832,78.879024549129,88.716621776799,,,1.1880581247,0.6274464975754892,2.960183216217083
1174000000,강동구,서울,district,2024-03,53.1505925898,78.503637776942,88.872530936255,,,0.3030188066,-0.47590189449312237,0.17573838626120125
1174000000,강동구,서울,district,2024-06,52.974495069,78.636722098369,88.728123465674,,,-0.1760975208,0.1695263113859029,-0.16248830663388913
1174000000,강동구,서울,district,2024-09,50.8428038485,82.423225315118,89.242159684523,,,-2.1316912205,4.815184452897657,0.5793385442754954
1174000000,강동구,서울,district,2024-12,50.4240611658,83.841452111029,89.983929909808,,,-0.4187426827,1.7206640367310038,0.8311881154683026
1174000000,강동구,서울,district,2025-03,50.1998624767,84.293663908406,90.004488647174,,,-0.2241986891,0.5393654164984499,0.0228471210210604
1174000000,강동구,서울,district,2025-06,49.892056014,87.407203148364,92.336796691025,,,-0.3078064627,3.6936812277387663,2.591324142725665
1174000000,강동구,서울,district,2025-09,49.0286015845,91.882227097423,95.201150732602,,,-0.8634544295,5.119742753309638,3.102072136162171
1174000000,강동구,서울,district,2025-12,47.2846110024,98.807927900663,99.166222619955,,,-1.7439905821,7.537584821378632,4.164941134472176
1174000000,강동구,서울,district,2026-03,46.4124202754,103.400847749148,101.532799188241,,,-0.872190727,4.648331309105594,2.38647445245109
1174000000,강동구,서울,district,2026-06,46.5091498624,106.7277413325,104.8154412537,,,0.096729587,3.2174722507334694,3.2330853593162616
4111100000,수원시 장안구,경기,district,2022-03,62.94156659,117.545773728473,109.147926389933,,,,,
4111100000,수원시 장안구,경기,district,2022-06,63.2044996581,117.107602575213,109.179149128287,,,0.2629330681,-0.3727664035562533,0.028605892376238267
4111100000,수원시 장안구,경기,district,2022-09,62.9816883198,115.428999412688,107.385443129664,,,-0.2228113383,-1.4333853017330005,-1.64290160982604
4111100000,수원시 장안구,경기,district,2022-12,60.9021465577,109.38379610996,100.584981107855,,,,,
4111100000,수원시 장안구,경기,district,2023-03,61.736087771,100.766149038252,94.054692673748,,,0.8339412133,-7.878358018444485,-6.492309649195757
4111100000,수원시 장안구,경기,district,2023-06,62.5819418749,96.76207828846,91.658815150632,,,0.8458541039,-3.973626845928198,-2.5473237485626523
4111100000,수원시 장안구,경기,district,2023-09,61.760978202,96.298246032776,90.855610710443,,,-0.8209636729,-0.47935334160688176,-0.8762980831347369
4111100000,수원시 장안구,경기,district,2023-12,61.4867906178,95.927099030159,90.128484000723,,,-0.2741875842,-0.38541408375255004,-0.8003101889187165
4111100000,수원시 장안구,경기,district,2024-03,61.6432725856,95.241498310482,89.683239147045,,,0.1564819678,-0.7147101565757248,-0.4940112536170344
4111100000,수원시 장안구,경기,district,2024-06,62.5278058518,94.714274700592,90.520891054175,,,0.8845332662,-0.5535650102555929,0.9340116560203435
4111100000,수원시 장안구,경기,district,2024-09,62.9499756655,96.067009217543,92.702515326361,,,0.4221698137,1.4282266545641877,2.410078211537202
4111100000,수원시 장안구,경기,district,2024-12,64.0187304738,97.127973383747,95.370446978385,,,1.0687548083,1.1044001211711034,2.877949581660751
4111100000,수원시 장안구,경기,district,2025-03,64.8436207536,97.46298482928,96.96212203275,,,0.8248902798,0.34491756994598166,1.6689394930965786
4111100000,수원시 장안구,경기,district,2025-06,65.0524471321,97.7081381049,97.501773228924,,,0.2088263785,0.2515347503972099,0.5565587724985299
4111100000,수원시 장안구,경기,district,2025-09,64.9804412611,98.553054602625,98.243424996679,,,-0.072005871,0.8647350303798573,0.7606546457505742
4111100000,수원시 장안구,경기,district,2025-12,64.9448606308,99.726865716701,99.618946082233,,,-0.0355806303,1.1910448831940468,1.4001151584449523
4111100000,수원시 장안구,경기,district,2026-03,65.0921631067,101.078997919043,101.163175089525,,,0.1473024759,1.355835453791427,1.5501358607199847
4111100000,수원시 장안구,경기,district,2026-06,65.2450661683,103.4332459067,104.2055170979,,,0.1529030616,2.3291168651499525,3.007361132825912
4111300000,수원시 권선구,경기,district,2022-03,60.77031952,114.393533286654,106.805180222958,,,,,
4111300000,수원시 권선구,경기,district,2022-06,62.6642472166,113.542231017337,108.554074923146,,,1.8939276966,-0.7441874071533021,1.6374624306959142
4111300000,수원시 권선구,경기,district,2022-09,62.6842335537,112.915631970316,107.815073679248,,,0.0199863371,-0.5518643075855391,-0.6807678518021524
4111300000,수원시 권선구,경기,district,2022-12,62.2673323838,107.885333739238,99.973115772641,,,,,
4111300000,수원시 권선구,경기,district,2023-03,61.1838654481,102.450551407277,93.415365030533,,,-1.0834669357,-5.03755435849791,-6.559514216823697
4111300000,수원시 권선구,경기,district,2023-06,61.7630002344,98.775500744279,91.011974071934,,,0.5791347863,-3.587145810849158,-2.5728004786080394
4111300000,수원시 권선구,경기,district,2023-09,61.2931329682,98.700372831805,90.226104892989,,,-0.4698672662,-0.0760592575161927,-0.8634788850133776
4111300000,수원시 권선구,경기,district,2023-12,62.0701157796,98.927350810378,91.620402853636,,,0.7769828114,0.22996668812973226,1.545337640697979
4111300000,수원시 권선구,경기,district,2024-03,63.075958958,98.30957265421,92.578064071361,,,1.0058431784,-0.6244765993503101,1.0452488614952589
4111300000,수원시 권선구,경기,district,2024-06,64.8612901382,97.638095422199,94.645119136674,,,1.7853311802,-0.6830232437006171,2.232769810048818
4111300000,수원시 권선구,경기,district,2024-09,65.2049741544,99.152622890973,96.538758048505,,,0.3436840162,1.5511644939662117,2.000778200824552
4111300000,수원시 권선구,경기,district,2024-12,65.7038921378,99.699656359346,97.939535192406,,,0.4989179834,0.5517085200807156,1.4509997561779204
4111300000,수원시 권선구,경기,district,2025-03,66.5144075167,99.473280018505,98.89496473489,,,0.8105153789,-0.2270582959935941,0.9755299947125763
4111300000,수원시 권선구,경기,district,2025-06,66.6658916913,99.222150427117,98.919408389945,,,0.1514841746,-0.2524593452043427,0.02471678423722246
4111300000,수원시 권선구,경기,district,2025-09,66.7848674229,99.225791152408,99.058540702202,,,0.1189757316,0.00366926666609012,0.14065218799988555
4111300000,수원시 권선구,경기,district,2025-12,66.8012155905,99.615728821655,99.488410601722,,,0.0163481676,0.39298015638702927,0.4339554131049745
4111300000,수원시 권선구,경기,district,2026-03,66.7072419628,101.327480819377,101.071717483431,,,-0.0939736277,1.718355141271516,1.5914485638406564
4111300000,수원시 권선구,경기,district,2026-06,67.4745657028,103.1838064291,103.9395122356,,,0.76732374,1.8320060803959237,2.837385990437064
4111500000,수원시 팔달구,경기,district,2022-03,57.02814579,110.12964886676,103.501104213207,,,,,
4111500000,수원시 팔달구,경기,district,2022-06,57.8840655648,110.255815546573,104.227095271423,,,0.8559197748,0.11456195594125824,0.7014331525589287
4111500000,수원시 팔달구,경기,district,2022-09,57.6864127457,109.793457773076,103.225919382722,,,-0.1976528191,-0.4193500099790166,-0.9605716115313275
4111500000,수원시 팔달구,경기,district,2022-12,55.5780330213,105.844174397792,99.456688706082,,,,,
4111500000,수원시 팔달구,경기,district,2023-03,54.2448551617,99.890358534595,92.063885687149,,,-1.3331778596,-5.625076577971023,-7.4331883708500275
4111500000,수원시 팔달구,경기,district,2023-06,54.4305510034,96.994446572833,90.350625348788,,,0.1856958417,-2.899090567143234,-1.8609472385110835
4111500000,수원시 팔달구,경기,district,2023-09,54.2437716243,96.372260473525,89.101246356778,,,-0.1867793791,-0.6414656934413263,-1.382811670851108
4111500000,수원시 팔달구,경기,district,2023-12,55.2181973365,96.718193712992,90.047355098498,,,0.9744257122,0.3589551991073545,1.061835586375082
4111500000,수원시 팔달구,경기,district,2024-03,56.5766345385,96.440375816178,92.174117223889,,,1.358437202,-0.28724471182579703,2.3618263113498985
4111500000,수원시 팔달구,경기,district,2024-06,57.2533818697,96.702290209098,93.766409135204,,,0.6767473312,0.27158168008306693,1.7274826808998411
4111500000,수원시 팔달구,경기,district,2024-09,58.2469494729,97.472516381791,95.907932880104,,,0.9935676032,0.7964921730680327,2.2838922431295052
4111500000,수원시 팔달구,경기,district,2024-12,58.6807076304,97.548706823918,96.742499307256,,,0.4337581575,0.0781660769160498,0.8701745539603116
4111500000,수원시 팔달구,경기,district,2025-03,58.9506786636,97.48128004019,97.136890701644,,,0.2699710332,-0.06912114565466244,0.4076712894664893
4111500000,수원시 팔달구,경기,district,2025-06,59.208733375,97.555642550463,97.334543615694,,,0.2580547114,0.0762838877806503,0.20347873256216426
4111500000,수원시 팔달구,경기,district,2025-09,58.9712975349,98.423840761043,97.968119743456,,,-0.2374358401,0.889951814043871,0.650926283954799
4111500000,수원시 팔달구,경기,district,2025-12,59.5378057524,99.594881737587,99.379299598646,,,0.5665082175,1.1897940249934933,1.4404480344068897
4111500000,수원시 팔달구,경기,district,2026-03,59.6605358825,102.148350376101,101.965551497299,,,0.1227301301,2.5638552844933233,2.6024050371635306
4111500000,수원시 팔달구,경기,district,2026-06,59.9437642837,105.6320381479,106.0960380027,,,0.2832284012,3.4104200008833976,4.0508646741447905
4111700000,수원시 영통구,경기,district,2022-03,60.98839946,111.889171725412,107.507286140253,,,,,
4111700000,수원시 영통구,경기,district,2022-06,60.6471985524,110.572727629437,106.26231610848,,,-0.3412009076,-1.1765607660459716,-1.1580331682345917
4111700000,수원시 영통구,경기,district,2022-09,61.2068253965,107.993393144674,102.632990931019,,,0.5596268441,-2.332704040192567,-3.4154395559719695
4111700000,수원시 영통구,경기,district,2022-12,62.9104360713,97.942490819049,94.377649794091,,,,,
4111700000,수원시 영통구,경기,district,2023-03,59.9961175188,92.405491948922,85.255158665051,,,-2.9143185525,-5.653316373540808,-9.665944372362576
4111700000,수원시 영통구,경기,district,2023-06,59.9963677051,90.674105994273,83.562915807678,,,0.0002501863,-1.87368295772511,-1.9849154982180663
4111700000,수원시 영통구,경기,district,2023-09,59.4463836181,91.434439224747,83.588357759986,,,-0.549984087,0.8385340248317671,0.03044646307765905
4111700000,수원시 영통구,경기,district,2023-12,60.1497381717,92.327695312289,85.4413055681,,,0.7033545536,0.9769361469438942,2.2167534543919603
4111700000,수원시 영통구,경기,district,2024-03,63.396447094,92.589950381514,90.440306686238,,,3.2467089223,0.28404810532522123,5.850801418470373
4111700000,수원시 영통구,경기,district,2024-06,64.1496142188,93.231003800245,92.187626535678,,,0.7531671248,0.692357449258326,1.9320145115185505
4111700000,수원시 영통구,경기,district,2024-09,64.5443076289,94.933313139009,94.430367143187,,,0.3946934101,1.8259047627668323,2.4328000316192386
4111700000,수원시 영통구,경기,district,2024-12,65.1409398942,95.785250665993,96.255585515797,,,0.5966322653,0.8974062937596252,1.9328722611470717
4111700000,수원시 영통구,경기,district,2025-03,65.4077097593,95.919408541046,96.800439908566,,,0.2667698651,0.14006109930307942,0.56604963737879
4111700000,수원시 영통구,경기,district,2025-06,65.3520817733,96.405869319609,97.151778016838,,,-0.055627986,0.5071557320485696,0.3629509417559058
4111700000,수원시 영통구,경기,district,2025-09,65.1449776447,97.408861926404,97.822359267547,,,-0.2071041286,1.040385418308749,0.6902408421107612
4111700000,수원시 영통구,경기,district,2025-12,64.9856395081,99.472775777114,99.63603237363,,,-0.1593381366,2.118815280142954,1.8540476018601753
4111700000,수원시 영통구,경기,district,2026-03,64.9843922476,101.650632422319,101.830660218281,,,-0.0012472605,2.1893996907102156,2.2026447584958606
4111700000,수원시 영통구,경기,district,2026-06,65.2013771408,104.6569917504,105.0063814583,,,0.2169848932,2.9575411942256706,3.118629726264785
4113100000,성남시 수정구,경기,district,2022-03,62.03493288,96.184965258906,94.991444218129,,,,,
4113100000,성남시 수정구,경기,district,2022-06,61.9178332876,96.021250595912,94.710207036967,,,-0.1170995924,-0.17020816356622975,-0.29606580200654137
4113100000,성남시 수정구,경기,district,2022-09,62.3448911113,95.245948727815,94.277019145603,,,0.4270578237,-0.8074273801741212,-0.4573824774714297
4113100000,성남시 수정구,경기,district,2022-12,55.1162167127,86.34631909347,84.912004629102,,,,,
4113100000,성남시 수정구,경기,district,2023-03,54.4483074281,83.681749294191,81.363139557904,,,-0.6679092846,-3.0859101201460595,-4.179462122817076
4113100000,성남시 수정구,경기,district,2023-06,55.0184045415,83.848418500803,82.726159302131,,,0.5700971134,0.19917031851958406,1.6752300263155095
4113100000,성남시 수정구,경기,district,2023-09,55.1645948738,85.241280768326,84.45964837606,,,0.1461903323,1.6611670111698777,2.0954545557929047
4113100000,성남시 수정구,경기,district,2023-12,55.8195155404,85.785435593498,86.068734008814,,,0.6549206666,0.6383700717155312,1.9051531277865155
4113100000,성남시 수정구,경기,district,2024-03,56.3517131361,85.285615566267,86.385067232077,,,0.5321975957,-0.5826397263976628,0.3675355829337578
4113100000,성남시 수정구,경기,district,2024-06,57.6621318097,85.534048011439,88.652764141483,,,1.3104186736,0.29129466150006006,2.6251029050122052
4113100000,성남시 수정구,경기,district,2024-09,56.7828894463,88.819893764265,90.59010790578,,,-0.8792423634,3.841564650823685,2.185316817877385
4113100000,성남시 수정구,경기,district,2024-12,56.6413946722,89.874446906304,91.377402546973,,,-0.1414947741,1.1872938565293347,0.8690735218152528
4113100000,성남시 수정구,경기,district,2025-03,56.3400433757,90.16981411994,91.168067721236,,,-0.3013512965,0.3286442629726851,-0.22908817705711257
4113100000,성남시 수정구,경기,district,2025-06,56.238692331,91.116405208397,92.01766562188,,,-0.1013510447,1.0497871130108856,0.931902936938194
4113100000,성남시 수정구,경기,district,2025-09,55.6895030867,93.59885634369,93.79968599682,,,-0.5491892443,2.7244831812836106,1.9366068057656425
4113100000,성남시 수정구,경기,district,2025-12,55.463556672,99.010466603031,98.657326989147,,,-0.2259464147,5.78170553651837,5.178739076473757
4113100000,성남시 수정구,경기,district,2026-03,55.2370175322,103.194315506153,102.454385402237,,,-0.2265391398,4.225663252246425,3.8487343302010433
4113100000,성남시 수정구,경기,district,2026-06,54.5016430622,107.9980479011,105.6307023937,,,-0.73537447,4.655035862571883,3.100225509130474
4113300000,성남시 중원구,경기,district,2022-03,56.1164077,110.472537779364,104.366086588696,,,,,
4113300000,성남시 중원구,경기,district,2022-06,56.4794516747,110.260954081275,104.39329993178,,,0.3630439747,-0.19152605918366375,0.026074890774861637
4113300000,성남시 중원구,경기,district,2022-09,56.7679596695,109.205396027323,103.782461945374,,,0.2885079948,-0.9573271542471258,-0.5851314086298418
4113300000,성남시 중원구,경기,district,2022-12,49.5631523943,102.087633683335,92.531086968265,,,,,
4113300000,성남시 중원구,경기,district,2023-03,50.7012711275,94.778905948531,87.924363922529,,,1.1381187332,-7.159268435464865,-4.9785679566435315
4113300000,성남시 중원구,경기,district,2023-06,52.0560839468,91.907280016624,86.919859125498,,,1.3548128193,-3.0298154459246613,-1.1424646732913288
4113300000,성남시 중원구,경기,district,2023-09,52.840371947,92.441619975902,88.253677865724,,,0.7842880002,0.5813902437123041,1.5345385434877257
4113300000,성남시 중원구,경기,district,2023-12,53.306114333,92.749431385652,88.974876927559,,,0.465742386,0.3329792466101755,0.8171886761844512
4113300000,성남시 중원구,경기,district,2024-03,54.0979961725,91.832832119766,88.752211324768,,,0.7918818395,-0.9882532455371954,-0.2502567134454015
4113300000,성남시 중원구,경기,district,2024-06,55.8008290073,91.222247054919,91.522208297912,,,1.7028328348,-0.6648875470275062,3.12104558500277
4113300000,성남시 중원구,경기,district,2024-09,57.269074854,92.295584353817,94.050267806218,,,1.4682458467,1.1766179123518117,2.7622361340724724
4113300000,성남시 중원구,경기,district,2024-12,57.3518869675,93.073777777285,95.072929056388,,,0.0828121135,0.8431534714432054,1.087356021438557
4113300000,성남시 중원구,경기,district,2025-03,56.9907839391,93.026009335277,94.58087374764,,,-0.3611030284,-0.051323200958173706,-0.5175556424228401
4113300000,성남시 중원구,경기,district,2025-06,57.9981143607,94.000388003023,95.399333508373,,,1.0073304216,1.0474260636444388,0.8653544086691443
4113300000,성남시 중원구,경기,district,2025-09,57.9917128113,95.477091577666,96.691535013548,,,-0.0064015494,1.5709547652032139,1.354518378329746
4113300000,성남시 중원구,경기,district,2025-12,57.2845493903,98.890873563748,98.824429546448,,,-0.707163421,3.5754985092995355,2.2058751395364116
4113300000,성남시 중원구,경기,district,2026-03,56.5161307222,104.514860230018,103.433495620261,,,-0.7684186681,5.687063389772375,4.663893426925085
4113300000,성남시 중원구,경기,district,2026-06,56.4617696386,110.350885829,108.9972388963,,,-0.0543610836,5.583919440869921,5.379053702743804
4113500000,성남시 분당구,경기,district,2022-03,55.97267603,83.986150332462,104.691562954817,,,,,
4113500000,성남시 분당구,경기,district,2022-06,55.6629281334,84.826819064443,105.220000060826,,,-0.3097478966,1.0009611449663838,0.5047561533082316
4113500000,성남시 분당구,경기,district,2022-09,55.8086097152,84.659629821705,105.144398335986,,,0.1456815818,-0.19709479216824835,-0.07185109750645871
4113500000,성남시 분당구,경기,district,2022-12,51.870451878,82.843956160219,99.152153083757,,,,,
4113500000,성남시 분당구,경기,district,2023-03,50.0385402842,79.155138958966,91.137738909344,,,-1.8319115938,-4.452729411085682,-8.082945175827868
4113500000,성남시 분당구,경기,district,2023-06,50.8478190469,77.224016421773,90.630466423647,,,0.8092787627,-2.439667926291044,-0.5565998144869395
4113500000,성남시 분당구,경기,district,2023-09,51.3981369402,77.935268186563,91.29813058569,,,0.5503178933,0.9210240515144528,0.7366884320356927
4113500000,성남시 분당구,경기,district,2023-12,51.5013010802,78.293936395094,91.956480974424,,,0.10316414,0.46021296503710346,0.721099528008506
4113500000,성남시 분당구,경기,district,2024-03,51.9707705229,78.188003204259,92.692523320341,,,0.4694694427,-0.13530190933360442,0.8004246553559575
4113500000,성남시 분당구,경기,district,2024-06,52.4920870904,78.187427564244,93.650085972984,,,0.5213165675,-0.0007362254967634781,1.0330527407628214
4113500000,성남시 분당구,경기,district,2024-09,51.7381309763,80.268398315862,94.524897821024,,,-0.7539561141,2.6615158171154,0.93412818466858
4113500000,성남시 분당구,경기,district,2024-12,51.3405495632,81.42907635258,95.17505631114,,,-0.3975814131,1.445996258889641,0.6878171837297594
4113500000,성남시 분당구,경기,district,2025-03,51.3679291586,81.906305039666,95.700987073088,,,0.0273795954,0.5860666833793449,0.552593066221744
4113500000,성남시 분당구,경기,district,2025-06,50.0494081904,84.908458687861,96.480904123225,,,-1.3185209682,3.665351094450057,0.8149519393581258
4113500000,성남시 분당구,경기,district,2025-09,48.5012515075,88.599823798799,97.36737741825,,,-1.5481566829,4.34746451411647,0.9188069940687953
4113500000,성남시 분당구,경기,district,2025-12,44.8732857316,98.168215848631,99.385373540462,,,-3.6279657759,10.799561037007054,2.0725587724762504
4113500000,성남시 분당구,경기,district,2026-03,43.5408066301,104.089403870553,101.46815710278,,,-1.3324791015,6.031675294019896,2.0956640681840897
4113500000,성남시 분당구,경기,district,2026-06,43.2903577452,107.5435971289,104.3051813786,,,-0.2504488849,3.3184869255689864,2.795974970695779
4115000000,의정부시,경기,district,2022-03,68.01695965,123.302013444635,120.131977588879,,,,,
4115000000,의정부시,경기,district,2022-06,67.4471641742,123.764851703762,119.563110171335,,,-0.5697954758,0.37536958740322873,-0.47353538080493723
4115000000,의정부시,경기,district,2022-09,66.9562874934,122.158396653092,117.251169965656,,,-0.4908766808,-1.2979897188542178,-1.9336567962860527
4115000000,의정부시,경기,district,2022-12,67.7606157381,114.180990285867,107.495142361738,,,,,
4115000000,의정부시,경기,district,2023-03,66.5364585904,107.73541734443,99.520653862888,,,-1.2241571477,-5.645049079798369,-7.418464056742765
4115000000,의정부시,경기,district,2023-06,66.0760164848,103.571144788266,95.173719644399,,,-0.4604421056,-3.8652772308393493,-4.367871441517934
4115000000,의정부시,경기,district,2023-09,66.0147654717,102.766366038666,94.671262369851,,,-0.0612510131,-0.77702988727723,-0.5279369939783264
4115000000,의정부시,경기,district,2023-12,66.332707526,102.290779052478,94.684592344469,,,0.3179420543,-0.46278466829221115,0.014080275560205335
4115000000,의정부시,경기,district,2024-03,67.0381030847,101.650629599776,95.150683694068,,,0.7053955587,-0.6258134492978938,0.49225680552473405
4115000000,의정부시,경기,district,2024-06,68.2967644849,101.364925373814,96.701028249802,,,1.2586614002,-0.281064885763019,1.6293572421599463
4115000000,의정부시,경기,district,2024-09,68.8274673634,101.188281160354,97.429519710233,,,0.5307028785,-0.17426561782447994,0.7533440684303081
4115000000,의정부시,경기,district,2024-12,69.1846334182,100.946638573027,97.67549987688,,,0.3571660548,-0.23880491352952896,0.2524698544943815
4115000000,의정부시,경기,district,2025-03,69.9060656521,100.287910852039,97.446242704828,,,0.7214322339,-0.6525504269381511,-0.23471307783525935
4115000000,의정부시,경기,district,2025-06,70.5467562368,99.859984426658,98.042656491295,,,0.6406905847,-0.4266979157760565,0.6120439022708984
4115000000,의정부시,경기,district,2025-09,70.9339094694,99.771606802262,98.648733057173,,,0.3871532326,-0.08850154033511672,0.618176401546007
4115000000,의정부시,경기,district,2025-12,71.6263252543,99.944093694946,99.751557303019,,,0.6924157849,0.1728817428247426,1.1179304707409121
4115000000,의정부시,경기,district,2026-03,72.2725776745,100.000810267471,100.7618431092,,,0.6462524202,0.05674829840181748,1.0128020388814758
4115000000,의정부시,경기,district,2026-06,73.0807562877,99.9983270237,101.868964255,,,0.8081786132,-0.00248322365024653,1.098750391653877
4117100000,안양시 만안구,경기,district,2022-03,62.99439657,110.540661590671,107.757929989351,,,,,
4117100000,안양시 만안구,경기,district,2022-06,62.7804800255,111.269446014191,107.9895265485,,,-0.2139165445,0.6592908103071324,0.2149229844818726
4117100000,안양시 만안구,경기,district,2022-09,63.2149039784,109.882280724756,107.347942168182,,,0.4344239529,-1.2466722349440698,-0.5941172267570347
4117100000,안양시 만안구,경기,district,2022-12,63.4289892991,105.596484878321,102.725933088727,,,,,
4117100000,안양시 만안구,경기,district,2023-03,62.834948003,101.169464319921,97.483096875402,,,-0.5940412961,-4.192393869456225,-5.103712427510032
4117100000,안양시 만안구,경기,district,2023-06,63.243174325,99.190293787736,96.188128853677,,,0.408226322,-1.956292390682637,-1.328402629001583
4117100000,안양시 만안구,경기,district,2023-09,63.4799591114,99.340939873948,96.639350939477,,,0.2367847864,0.15187583427706922,0.4691037149567663
4117100000,안양시 만안구,경기,district,2023-12,63.8285870409,99.441631546151,96.889392556926,,,0.3486279295,0.10135969352692446,0.25873685514050615
4117100000,안양시 만안구,경기,district,2024-03,64.5061757525,99.021595059873,97.41575391266,,,0.6775887116,-0.4223950067463047,0.5432600430689498
4117100000,안양시 만안구,경기,district,2024-06,64.9954803985,98.350767456866,97.609161060345,,,0.489304646,-0.6774558646539544,0.19853785441973068
4117100000,안양시 만안구,경기,district,2024-09,64.9170671617,98.71324688551,97.893663713745,,,-0.0784132368,0.368557803885947,0.291471261825631
4117100000,안양시 만안구,경기,district,2024-12,64.6170810843,98.544380466832,97.248447708043,,,-0.2999860774,-0.17106763682270054,-0.6590988438114885
4117100000,안양시 만안구,경기,district,2025-03,63.7779030659,98.245490536067,95.776845911153,,,-0.8391780184,-0.3033048960773569,-1.5132393694426962
4117100000,안양시 만안구,경기,district,2025-06,64.630624665,97.883960730664,96.675150560636,,,0.8527215991,-0.3679861573598418,0.9379142118715296
4117100000,안양시 만안구,경기,district,2025-09,65.2244382576,98.012650565428,97.696892844875,,,0.5938135926,0.13147183032172244,1.056882020161064
4117100000,안양시 만안구,경기,district,2025-12,65.1721171897,99.609445666647,99.136802505043,,,-0.0523210679,1.6291724507063148,1.4738540993870872
4117100000,안양시 만안구,경기,district,2026-03,64.980422079,102.024897211121,101.247567065733,,,-0.1916951107,2.424922183140694,2.129143272078628
4117100000,안양시 만안구,경기,district,2026-06,65.0695582312,104.4566903605,103.7882050277,,,0.0891361522,2.383529134410074,2.5093323579000577
4117300000,안양시 동안구,경기,district,2022-03,56.39656453,107.29340103913,105.486615120823,,,,,
4117300000,안양시 동안구,경기,district,2022-06,56.3152648098,106.310898048194,104.311049761338,,,-0.0812997202,-0.9157161404340983,-1.1144213492285469
4117300000,안양시 동안구,경기,district,2022-09,56.9061467217,104.610517204169,103.685279350114,,,0.5908819119,-1.5994417084635717,-0.5999080755641446
4117300000,안양시 동안구,경기,district,2022-12,56.6005991095,99.432918756238,98.69725161083,,,,,
4117300000,안양시 동안구,경기,district,2023-03,56.4992714274,92.567152669058,91.552145431871,,,-0.1013276821,-6.904922608187312,-7.2394175747999965
4117300000,안양시 동안구,경기,district,2023-06,57.8443404674,89.04794715345,90.279433802165,,,1.34506904,-3.8017865021620665,-1.3901494320011265
4117300000,안양시 동안구,경기,district,2023-09,57.6775522363,89.788390749332,90.79073026497,,,-0.1667882311,0.8315111347890437,0.5663487698930811
4117300000,안양시 동안구,경기,district,2023-12,58.3054152536,89.773347279118,91.539407093263,,,0.6278630173,-0.01675435998847314,0.8246181367943725
4117300000,안양시 동안구,경기,district,2024-03,58.8100200961,89.325684316712,91.819814442085,,,0.5046048425,-0.49865909646228596,0.3063241916525774
4117300000,안양시 동안구,경기,district,2024-06,59.3536662638,88.962067557006,92.20678686905,,,0.5436461677,-0.40706854079814836,0.42144762469442953
4117300000,안양시 동안구,경기,district,2024-09,58.9483984846,90.178025251168,92.722945479941,,,-0.4052677792,1.366827151788965,0.5597837517362326
4117300000,안양시 동안구,경기,district,2024-12,58.5185642604,91.161323146526,92.934418423382,,,-0.4298342242,1.0903963494645987,0.22806969984225586
4117300000,안양시 동안구,경기,district,2025-03,58.4140326538,91.24495877807,92.79527665737,,,-0.1045316066,0.09174464417280369,-0.14972038171919347
4117300000,안양시 동안구,경기,district,2025-06,58.6268900106,92.649052129101,94.632745409674,,,0.2128573568,1.5388174534070398,1.9801317680085437
4117300000,안양시 동안구,경기,district,2025-09,58.3974244493,94.936106397459,96.154269496185,,,-0.2294655613,2.4685134017033703,1.607819872417502
4117300000,안양시 동안구,경기,district,2025-12,57.7199772724,98.604671506185,98.496413970162,,,-0.6774471769,3.8642464368268956,2.435819528606503
4117300000,안양시 동안구,경기,district,2026-03,56.3432991074,105.334815847753,102.62201265449,,,-1.376678165,6.8253808250310435,4.188577551237335
4117300000,안양시 동안구,경기,district,2026-06,56.0693271319,110.1240582641,106.7466538283,,,-0.2739719755,4.546685137105277,4.019255778676774
4119200000,부천시 원미구,경기,district,2022-03,,,,,,,,
4119200000,부천시 원미구,경기,district,2022-06,,,,,,,,
4119200000,부천시 원미구,경기,district,2022-09,,,,,,,,
4119200000,부천시 원미구,경기,district,2022-12,,,,,,,,
4119200000,부천시 원미구,경기,district,2023-03,,,,,,,,
4119200000,부천시 원미구,경기,district,2023-06,,,,,,,,
4119200000,부천시 원미구,경기,district,2023-09,,,,,,,,
4119200000,부천시 원미구,경기,district,2023-12,,,,,,,,
4119200000,부천시 원미구,경기,district,2024-03,65.101138965,97.273441216646,93.33565882784,,,,,
4119200000,부천시 원미구,경기,district,2024-06,65.9808413351,97.213481615799,94.558398196123,,,0.8797023701,-0.061640258735638685,1.3100452534849236
4119200000,부천시 원미구,경기,district,2024-09,67.3673225973,98.042961129142,97.334962152224,,,1.3864812622,0.8532556385761563,2.9363483403580353
4119200000,부천시 원미구,경기,district,2024-12,67.8608147134,98.525928580621,98.577992243314,,,0.4934921161,0.4926079811510754,1.2770643390665746
4119200000,부천시 원미구,경기,district,2025-03,68.0835704502,98.803627476113,99.21361516991,,,0.2227557368,0.28185361913617163,0.6447919176798925
4119200000,부천시 원미구,경기,district,2025-06,68.1101298235,99.040161589928,99.494692918115,,,0.0265593733,0.23939820820058966,0.2833056206284142
4119200000,부천시 원미구,경기,district,2025-09,68.1030903919,99.283606112934,99.719257012757,,,-0.0070394316,0.24580384270168373,0.22570459594947262
4119200000,부천시 원미구,경기,district,2025-12,67.8791458733,99.83891147652,99.96904331828,,,-0.2239445186,0.559312242299445,0.2504895373328394
4119200000,부천시 원미구,경기,district,2026-03,67.5209446782,100.533771693628,100.161388958531,,,-0.3582011951,0.6959813632096905,0.19240520251715595
4119200000,부천시 원미구,경기,district,2026-06,67.3491986037,101.7270638835,101.0727792612,,,-0.1717460745,1.1869565517829197,0.9099217893696896
4119400000,부천시 소사구,경기,district,2022-03,,,,,,,,
4119400000,부천시 소사구,경기,district,2022-06,,,,,,,,
4119400000,부천시 소사구,경기,district,2022-09,,,,,,,,
4119400000,부천시 소사구,경기,district,2022-12,,,,,,,,
4119400000,부천시 소사구,경기,district,2023-03,,,,,,,,
4119400000,부천시 소사구,경기,district,2023-06,,,,,,,,
4119400000,부천시 소사구,경기,district,2023-09,,,,,,,,
4119400000,부천시 소사구,경기,district,2023-12,,,,,,,,
4119400000,부천시 소사구,경기,district,2024-03,64.5570697391,100.64670043874,95.969011841988,,,,,
4119400000,부천시 소사구,경기,district,2024-06,66.0198580132,100.568052255624,97.970383041215,,,1.4627882741,-0.07814283307168157,2.0854348302785874
4119400000,부천시 소사구,경기,district,2024-09,67.2512723791,100.891421853721,100.157125639207,,,1.2314143659,0.3215430654608471,2.232044552762505
4119400000,부천시 소사구,경기,district,2024-12,67.5920020344,101.001347044625,100.998544236956,,,0.3407296553,0.10895395156921939,0.8400985874734633
4119400000,부천시 소사구,경기,district,2025-03,67.8604071661,100.787841087193,101.218450378975,,,0.2684051317,-0.2113892177474302,0.21773199176323868
4119400000,부천시 소사구,경기,district,2025-06,67.8354845058,100.540995040581,100.929407948299,,,-0.0249226603,-0.24491649384418301,-0.2855629873741276
4119400000,부천시 소사구,경기,district,2025-09,67.6373383643,100.504897167457,100.617403587945,,,-0.1981461415,-0.035903636232593426,-0.30913126976215294
4119400000,부천시 소사구,경기,district,2025-12,67.5299961765,100.226770566729,100.194821009625,,,-0.1073421878,-0.27672940181670674,-0.4199895477829938
4119400000,부천시 소사구,경기,district,2026-03,67.8522431497,100.11768627839,100.579495242578,,,0.3222469732,-0.10883747697564877,0.3839262639293972
4119400000,부천시 소사구,경기,district,2026-06,68.8505998065,100.6505243747,101.8956558295,,,0.9983566568,0.5322117561010906,1.3085774428949748
4119600000,부천시 오정구,경기,district,2022-03,,,,,,,,
4119600000,부천시 오정구,경기,district,2022-06,,,,,,,,
4119600000,부천시 오정구,경기,district,2022-09,,,,,,,,
4119600000,부천시 오정구,경기,district,2022-12,,,,,,,,
4119600000,부천시 오정구,경기,district,2023-03,,,,,,,,
4119600000,부천시 오정구,경기,district,2023-06,,,,,,,,
4119600000,부천시 오정구,경기,district,2023-09,,,,,,,,
4119600000,부천시 오정구,경기,district,2023-12,,,,,,,,
4119600000,부천시 오정구,경기,district,2024-03,57.5567117722,103.630016471115,96.98699737602,,,,,
4119600000,부천시 오정구,경기,district,2024-06,58.4893700124,102.764101926744,97.765217950001,,,0.9326582402,-0.8355827528140537,0.8023968109496447
4119600000,부천시 오정구,경기,district,2024-09,59.2445641152,102.382796730278,98.39376847834,,,0.7551941028,-0.3710490232647736,0.6429183522717177
4119600000,부천시 오정구,경기,district,2024-12,60.0135577216,102.176023643773,99.577038500789,,,0.7689936064,-0.20196077183721856,1.20258634337141
4119600000,부천시 오정구,경기,district,2025-03,60.5163368882,101.711659775466,100.003491094638,,,0.5027791666,-0.4544743979526552,0.4282639856231725
4119600000,부천시 오정구,경기,district,2025-06,61.3994410861,101.126851322978,100.383456612946,,,0.8831041979,-0.5749669740706191,0.3799522538152401
4119600000,부천시 오정구,경기,district,2025-09,61.7664326616,100.519557632879,100.160133457349,,,0.3669915755,-0.6005266476253978,-0.22247007936584545
4119600000,부천시 오정구,경기,district,2025-12,61.8847689196,100.151252045044,99.916711224078,,,0.118336258,-0.36640191869938227,-0.24303305603586883
4119600000,부천시 오정구,경기,district,2026-03,62.0581531206,100.059577756915,99.978888051527,,,0.173384201,-0.09153583830162063,0.06222865693563439
4119600000,부천시 오정구,경기,district,2026-06,62.8067887599,99.887941808,100.8703927156,,,0.7486356393,-0.1715337529526387,0.891692917822348
4121000000,광명시,경기,district,2022-03,58.30932014,111.840935736137,124.746843440495,,,,,
4121000000,광명시,경기,district,2022-06,59.2445743583,111.145466544801,121.9360906659,,,0.9352542183,-0.6218377794842488,-2.2531654485796637
4121000000,광명시,경기,district,2022-09,59.2809710645,109.200213512224,119.962569909969,,,0.0363967062,-1.750186573550347,-1.618487803859784
4121000000,광명시,경기,district,2022-12,56.025279357,101.010625211186,109.006926870209,,,,,
4121000000,광명시,경기,district,2023-03,55.3169823214,92.50654003076,98.812377570937,,,-0.7082970356,-8.41900063745398,-9.352203196600817
4121000000,광명시,경기,district,2023-06,55.377198445,90.412345037706,96.701179346536,,,0.0602161236,-2.26383452711305,-2.136572640290311
4121000000,광명시,경기,district,2023-09,54.927266036,91.653484298012,96.947947779674,,,-0.449932409,1.37275419610938,0.2551865807692858
4121000000,광명시,경기,district,2023-12,55.2056557818,92.197927391023,98.222003882414,,,0.2783897458,0.5940233447544003,1.3141651081005319
4121000000,광명시,경기,district,2024-03,56.0093010566,91.810434828015,99.300982539576,,,0.8036452748,-0.4202833772657332,1.098510124527386
4121000000,광명시,경기,district,2024-06,57.9136937054,91.497400943384,102.048735180133,,,1.9043926488,-0.3409567607618834,2.7670951185824313
4121000000,광명시,경기,district,2024-09,58.2454049786,92.236833298446,103.5364099834,,,0.3317112732,0.8081457477896447,1.457808174340433
4121000000,광명시,경기,district,2024-12,58.2135412535,92.532774907707,103.734798404784,,,-0.0318637251,0.3208497068664932,0.1916122274432807
4121000000,광명시,경기,district,2025-03,57.3853338588,92.003155393371,101.767010923566,,,-0.8282073947,-0.5723588370328753,-1.8969405748874049
4121000000,광명시,경기,district,2025-06,55.98777405,91.983055023579,99.092999731536,,,-1.3975598088,-0.0218474787153314,-2.6275815392066155
4121000000,광명시,경기,district,2025-09,54.7830582221,93.91496643433,98.999801698562,,,-1.2047158279,2.100290548357817,-0.09405107649025994
4121000000,광명시,경기,district,2025-12,53.0504764112,98.302970372115,99.828007794346,,,-1.7325818109,4.672315930446836,0.8365734896174342
4121000000,광명시,경기,district,2026-03,50.3819352535,105.26935100459,101.649137934063,,,-2.6685411577,7.086643064908963,1.8242677380366836
4121000000,광명시,경기,district,2026-06,51.2463355209,111.3308270995,109.0319118779,,,0.8644002674,5.7580635171254215,7.262997103454042
4122000000,평택시,경기,district,2022-03,70.1110467,119.500134078967,111.178506237389,,,,,
4122000000,평택시,경기,district,2022-06,70.9902057798,122.153370090971,114.271880693205,,,0.8791590798,2.2202786904412277,2.7823493591567137
4122000000,평택시,경기,district,2022-09,72.2901467218,122.53045191792,116.082799606709,,,1.299940942,0.30869539388735384,1.5847458731916044
4122000000,평택시,경기,district,2022-12,70.4388409364,118.274395774064,112.163575952541,,,,,
4122000000,평택시,경기,district,2023-03,68.3735941319,114.475282218074,106.13552408818,,,-2.0652468045,-3.212118338145926,-5.374339943398032
4122000000,평택시,경기,district,2023-06,68.5635402915,112.240024600376,104.654283533843,,,0.1899461596,-1.9526115807601696,-1.3956124182383545
4122000000,평택시,경기,district,2023-09,67.9956777366,111.967935633228,104.370179248273,,,-0.5678625549,-0.24241705943735914,-0.27146933310008914
4122000000,평택시,경기,district,2023-12,67.7619843127,112.345940402428,105.464849234205,,,-0.2336934239,0.33760090963740336,1.048834057598031
4122000000,평택시,경기,district,2024-03,67.7853517933,111.796165799319,105.18187368745,,,0.0233674806,-0.48935867298781216,-0.2683126641812177
4122000000,평택시,경기,district,2024-06,67.7510854601,110.843058847309,104.492652711578,,,-0.0342663332,-0.8525399285346562,-0.655265923404287
4122000000,평택시,경기,district,2024-09,67.9820359609,109.468258947724,103.755970206762,,,0.2309505008,-1.240312125884982,-0.7050089032091096
4122000000,평택시,경기,district,2024-12,68.4435690036,107.61547994403,103.141614812149,,,0.4615330427,-1.6925262368325278,-0.5921157051384414
4122000000,평택시,경기,district,2025-03,69.2242820661,105.359635227466,102.429057668507,,,0.7807130625,-2.09620838724805,-0.6908531972664715
4122000000,평택시,경기,district,2025-06,69.4641314947,103.466350832007,101.480955626172,,,0.2398494286,-1.7969731874749728,-0.9256182414597229
4122000000,평택시,경기,district,2025-09,69.8741272821,101.932853875681,100.652850087811,,,0.4099957874,-1.4821214278793502,-0.816020634858341
4122000000,평택시,경기,district,2025-12,70.5090149967,100.151300006123,100.003407007779,,,0.6348877146,-1.7477719908939395,-0.6452306908998766
4122000000,평택시,경기,district,2026-03,71.5884206792,98.906104155683,100.318212823525,,,1.0794056825,-1.2433147151997745,0.31479509065277356
4122000000,평택시,경기,district,2026-06,72.9693237427,98.1519705529,101.6748665737,,,1.3809030635,-0.7624742772154458,1.35235039779024
4127100000,안산시 상록구,경기,district,2022-03,63.76414422,117.099621507257,119.214565551077,,,,,
4127100000,안산시 상록구,경기,district,2022-06,63.1798258466,119.300641216511,120.67660602094,,,-0.5843183734,1.8796130003866807,1.226394160063096
4127100000,안산시 상록구,경기,district,2022-09,63.1151270752,119.2820419024,120.615184271478,,,-0.0646987714,-0.015590288468982586,-0.050897809846708816
4127100000,안산시 상록구,경기,district,2022-12,63.1532085021,114.009544029026,113.220315569304,,,,,
4127100000,안산시 상록구,경기,district,2023-03,60.0439004796,108.304643572613,102.268867947505,,,-3.1093080225,-5.003879723403309,-9.672687774037726
4127100000,안산시 상록구,경기,district,2023-06,59.8363900704,104.414693073118,98.398227595711,,,-0.2075104092,-3.591674716040201,-3.7847689423733666
4127100000,안산시 상록구,경기,district,2023-09,58.9942622645,103.558379954903,96.202984133846,,,-0.8421278059,-0.8201078727639927,-2.2309786624253043
4127100000,안산시 상록구,경기,district,2023-12,58.9520674747,103.050496530912,95.673916842718,,,-0.0421947898,-0.4904319903538179,-0.5499489396211612
4127100000,안산시 상록구,경기,district,2024-03,58.9022066343,102.667660964402,95.254021484134,,,-0.0498608404,-0.3715028839236704,-0.4388817479630127
4127100000,안산시 상록구,경기,district,2024-06,59.1758898493,102.236638526033,95.355964473632,,,0.273683215,-0.41982298449211636,0.10702224211602462
4127100000,안산시 상록구,경기,district,2024-09,60.2642486112,101.855028872704,96.858140552952,,,1.0883587619,-0.373261150631267,1.5753352059433936
4127100000,안산시 상록구,경기,district,2024-12,61.8589180294,101.640373398411,98.953073566706,,,1.5946694182,-0.21074607377635848,2.162887911944487
4127100000,안산시 상록구,경기,district,2025-03,62.4774078214,101.084634611582,99.281875891385,,,0.618489792,-0.5467697217626398,0.3322810629599581
4127100000,안산시 상록구,경기,district,2025-06,62.5478039363,100.501705032994,98.951374878178,,,0.0703961149,-0.5766747644960172,-0.33289158795566093
4127100000,안산시 상록구,경기,district,2025-09,62.766568368,100.153789596819,98.890851545857,,,0.2187644317,-0.3461786405123991,-0.061164720950580106
4127100000,안산시 상록구,경기,district,2025-12,63.492652796,99.996204734022,99.925447238639,,,0.726084428,-0.15734288580729358,1.0461995994667355
4127100000,안산시 상록구,경기,district,2026-03,63.7840282249,99.946273594614,100.448977605786,,,0.2913754289,-0.04993303449947014,0.5239209646935282
4127100000,안산시 상록구,경기,district,2026-06,64.5162688726,100.1811779324,101.4678536746,,,0.7322406477,0.23503061128500016,1.0143219902273164
4127300000,안산시 단원구,경기,district,2022-03,66.08533158,114.226567398627,114.390993339952,,,,,
4127300000,안산시 단원구,경기,district,2022-06,66.3827274273,115.647253092441,116.461702252671,,,0.2973958473,1.2437436632899086,1.8102027548315622
4127300000,안산시 단원구,경기,district,2022-09,66.6437389241,114.944253526283,116.053893735042,,,0.2610114968,-0.607882632193665,-0.35016534168823477
4127300000,안산시 단원구,경기,district,2022-12,62.5284289025,109.762492121069,108.084448508037,,,,,
4127300000,안산시 단원구,경기,district,2023-03,58.1749062868,100.448146029822,91.73799444741,,,-4.3535226157,-8.485909814231617,-15.123779864974287
4127300000,안산시 단원구,경기,district,2023-06,56.9462871814,97.773580363126,87.655079035891,,,-1.2286191054,-2.6626331818030264,-4.450626412875839
4127300000,안산시 단원구,경기,district,2023-09,57.9512495441,98.805631201208,90.142023654383,,,1.0049623627,1.055551851787586,2.8371939719245507
4127300000,안산시 단원구,경기,district,2023-12,59.204652707,99.752416079002,92.991248979858,,,1.2534031629,0.9582296740415182,3.1608180180193473
4127300000,안산시 단원구,경기,district,2024-03,60.1052252707,99.520125186376,94.117675326967,,,0.9005725637,-0.23286743495218207,1.2113251079711653
4127300000,안산시 단원구,경기,district,2024-06,61.1353976447,99.285743270919,95.393262622545,,,1.030172374,-0.23551207860526904,1.35531109448526
4127300000,안산시 단원구,경기,district,2024-09,62.2704834043,99.43799583276,97.101577801078,,,1.1350857596,0.1533478592445559,1.7908132414890914
4127300000,안산시 단원구,경기,district,2024-12,63.5828130599,99.935170028933,98.864440404293,,,1.3123296556,0.49998412780681284,1.8154829644749904
4127300000,안산시 단원구,경기,district,2025-03,64.109771492,99.661912657463,99.291114633558,,,0.5269584321,-0.27343463906739457,0.43157502082667176
4127300000,안산시 단원구,경기,district,2025-06,64.2510794887,99.542849559493,99.540712230392,,,0.1413079967,-0.11946700077813947,0.2513795899614587
4127300000,안산시 단원구,경기,district,2025-09,63.933748039,99.608054991997,99.162504296759,,,-0.3173314497,0.06550488838982772,-0.37995301134436194
4127300000,안산시 단원구,경기,district,2025-12,64.209857987,99.848049659235,99.856566131726,,,0.276109948,0.24093901568229834,0.6999236655923025
4127300000,안산시 단원구,경기,district,2026-03,64.516262449,100.295031383811,100.838975528981,,,0.306404462,0.4476619484321178,0.9838205290967572
4127300000,안산시 단원구,경기,district,2026-06,65.0247686563,101.0029462567,102.3834989464,,,0.5085062073,0.7058324456571906,1.5316730553010287
4128100000,고양시 덕양구,경기,district,2022-03,65.91256219,118.86028754652,111.105189131501,,,,,
4128100000,고양시 덕양구,경기,district,2022-06,68.4863319753,118.602365210638,111.737013388949,,,2.5737697853,-0.2169962240593212,0.5686721406865979
4128100000,고양시 덕양구,경기,district,2022-09,68.6803720508,117.283261095811,110.515655346464,,,0.1940400755,-1.1122072586699843,-1.0930648720970688
4128100000,고양시 덕양구,경기,district,2022-12,63.4802114615,108.708386820733,96.228045527921,,,,,
4128100000,고양시 덕양구,경기,district,2023-03,61.5108725152,101.718312919905,87.825264935856,,,-1.9693389463,-6.430114644562865,-8.732153444420625
4128100000,고양시 덕양구,경기,district,2023-06,62.1827449054,98.864257350763,86.241945328564,,,0.6718723902,-2.8058424163890128,-1.8028065254894388
4128100000,고양시 덕양구,경기,district,2023-09,63.5693158037,98.128962893451,87.710440907172,,,1.3865708983,-0.7437414461155868,1.7027625861329254
4128100000,고양시 덕양구,경기,district,2023-12,66.4950297546,98.834909799436,92.557594489577,,,2.9257139509,0.719407283200905,5.526313095991577
4128100000,고양시 덕양구,경기,district,2024-03,67.4882159884,98.832200284322,93.973666234622,,,0.9931862338,-0.002741455543894736,1.529935769024837
4128100000,고양시 덕양구,경기,district,2024-06,67.7458142088,98.960932676383,94.695236277591,,,0.2575982204,0.13025349196988498,0.7678428137170596
4128100000,고양시 덕양구,경기,district,2024-09,68.4818927678,99.924510231689,96.739345901458,,,0.736078559,0.9736949008524831,2.158619276132188
4128100000,고양시 덕양구,경기,district,2024-12,69.0455135351,100.383251004784,97.984285864859,,,0.5636207673,0.4590873370620933,1.2869013655200217
4128100000,고양시 덕양구,경기,district,2025-03,69.9167329441,100.014732479228,98.884533548229,,,0.871219409,-0.3671115667876082,0.9187674078796997
4128100000,고양시 덕양구,경기,district,2025-06,70.7006058711,99.839108357841,100.075041268108,,,0.783872927,-0.17559825141108612,1.2039372358452327
4128100000,고양시 덕양구,경기,district,2025-09,70.5368656273,99.822395406974,99.851096737079,,,-0.1637402438,-0.016739883941168456,-0.223776606225959
4128100000,고양시 덕양구,경기,district,2025-12,70.5329838569,99.93863334178,99.957968437089,,,-0.0038817704,0.1164447460232748,0.10703107276969342
4128100000,고양시 덕양구,경기,district,2026-03,70.3916169396,100.306800750472,100.209702708813,,,-0.1413669173,0.3683934794594446,0.25184012406418116
4128100000,고양시 덕양구,경기,district,2026-06,70.7706246227,101.0977588784,101.5118146518,,,0.3790076831,0.7885388847119402,1.2993870930548974
4128500000,고양시 일산동구,경기,district,2022-03,73.52054019,120.981072886866,123.15792241482,,,,,
4128500000,고양시 일산동구,경기,district,2022-06,73.1109875252,122.065969006445,123.425961934551,,,-0.4095526648,0.8967486348823569,0.21763887736607834
4128500000,고양시 일산동구,경기,district,2022-09,72.685231172,121.610225724168,122.285168162196,,,-0.4257563532,-0.3733581816345038,-0.9242737544633665
4128500000,고양시 일산동구,경기,district,2022-12,69.8958825255,118.339112838324,114.975004039854,,,,,
4128500000,고양시 일산동구,경기,district,2023-03,64.5765162269,109.897397892275,98.490227279459,,,-5.3193662986,-7.133495210144215,-14.337704875992744
4128500000,고양시 일산동구,경기,district,2023-06,64.740919872,104.466104580399,93.979127137305,,,0.1644036451,-4.942149146424677,-4.580251530290488
4128500000,고양시 일산동구,경기,district,2023-09,65.2152863589,102.523481819705,93.022109882049,,,0.4743664869,-1.8595723162998985,-1.0183295848851444
4128500000,고양시 일산동구,경기,district,2023-12,66.0921969558,102.740921472398,94.497690258922,,,0.8769105969,0.21208765917195774,1.5862684460114047
4128500000,고양시 일산동구,경기,district,2024-03,67.4194372966,102.260070434459,96.098494931851,,,1.3272403408,-0.46802289783646106,1.6940146034710726
4128500000,고양시 일산동구,경기,district,2024-06,68.4602903203,101.56848485401,96.790116373396,,,1.0408530237,-0.6763007080972571,0.7197005968048394
4128500000,고양시 일산동구,경기,district,2024-09,69.625682899,101.176021054145,98.052682249845,,,1.1653925787,-0.38640312536817883,1.3044367790387659
4128500000,고양시 일산동구,경기,district,2024-12,70.4371755735,101.28636627254,99.341903266074,,,0.8114926745,0.10906261903297032,1.314824833597082
4128500000,고양시 일산동구,경기,district,2025-03,70.8525023937,101.179201300859,99.871057470012,,,0.4153268202,-0.10580394541220081,0.5326596194968515
4128500000,고양시 일산동구,경기,district,2025-06,71.336409044,100.934872898048,100.298306936871,,,0.4839066503,-0.2414808573992229,0.42780108440054215
4128500000,고양시 일산동구,경기,district,2025-09,71.5081180052,100.456985731576,100.14430884964,,,0.1717089612,-0.47346090875321445,-0.1535400665615705
4128500000,고양시 일산동구,경기,district,2025-12,71.7053650996,100.074559274753,100.027074546408,,,0.1972470944,-0.3806867725902653,-0.11706536754676643
4128500000,고양시 일산동구,경기,district,2026-03,71.9684683961,99.821950608035,100.120897007025,,,0.2631032965,-0.2524204638508247,0.09379706548697539
4128500000,고양시 일산동구,경기,district,2026-06,72.8130491893,99.2172237638,100.7477499133,,,0.8445807932,-0.6058054772036517,0.626095974980145
4128700000,고양시 일산서구,경기,district,2022-03,70.1722275,123.904868998995,120.288890174904,,,,,
4128700000,고양시 일산서구,경기,district,2022-06,70.04176664,125.490967030063,121.498217607892,,,-0.13046086,1.280093384450344,1.0053525568567456
4128700000,고양시 일산서구,경기,district,2022-09,69.8021985835,125.369405375695,121.233894456868,,,-0.2395680565,-0.09686884820871475,-0.21755311001931169
4128700000,고양시 일산서구,경기,district,2022-12,68.1323534511,121.827307042975,112.649540469034,,,,,
4128700000,고양시 일산서구,경기,district,2023-03,64.1801613965,113.473870178091,99.011504159561,,,-3.9521920546,-6.85678528701065,-12.10660625217724
4128700000,고양시 일산서구,경기,district,2023-06,64.342213532,105.963259136277,93.004306067181,,,0.1620521355,-6.6188022229492205,-6.067171833587297
4128700000,고양시 일산서구,경기,district,2023-09,64.4556775212,105.178977985885,92.564574337297,,,0.1134639892,-0.7401444206084237,-0.4728079252226912
4128700000,고양시 일산서구,경기,district,2023-12,65.1611393742,105.117577755382,93.59476230341,,,0.705461853,-0.058376903520815634,1.1129397758143278
4128700000,고양시 일산서구,경기,district,2024-03,66.3744937603,104.427997564052,94.789418788602,,,1.2133543861,-0.6560084488768517,1.276413824653171
4128700000,고양시 일산서구,경기,district,2024-06,67.2051372579,103.954350969642,95.604533681265,,,0.8306434976,-0.4535628427802457,0.8599218173083828
4128700000,고양시 일산서구,경기,district,2024-09,69.2343295091,103.246817477592,97.964652674579,,,2.0291922512,-0.6806194117422006,2.468626646077661
4128700000,고양시 일산서구,경기,district,2024-12,70.6845093005,102.82768676921,99.648277512543,,,1.4501797914,-0.40595024488088005,1.7186044067922128
4128700000,고양시 일산서구,경기,district,2025-03,71.6208397022,101.945955840797,100.191820959587,,,0.9363304017,-0.8574839677099683,0.5454619594157889
4128700000,고양시 일산서구,경기,district,2025-06,72.4423625234,101.122599303182,100.561974047488,,,0.8215228212,-0.8076402156656292,0.3694444160769406
4128700000,고양시 일산서구,경기,district,2025-09,72.569543724,100.52095316543,100.130186900616,,,0.1271812006,-0.5949670418856293,-0.4293741754394149
4128700000,고양시 일산서구,경기,district,2025-12,72.7800244809,100.149027588299,100.057979638152,,,0.2104807569,-0.36999806052267753,-0.07211338028927197
4128700000,고양시 일산서구,경기,district,2026-03,73.0508542136,99.708757768442,100.019479064308,,,0.2708297327,-0.4396146727124481,-0.03847826428560004
4128700000,고양시 일산서구,경기,district,2026-06,73.6563437555,98.9547163939,100.0517682942,,,0.6054895419,-0.756243876082724,0.032282941477069164
4129000000,과천시,경기,district,2022-03,42.04563191,78.197430030089,120.382056819429,,,,,
4129000000,과천시,경기,district,2022-06,42.2189125404,78.333870108873,121.104341045328,,,0.1732806304,0.1744815382442879,0.5999932589475637
4129000000,과천시,경기,district,2022-09,43.41042073,77.261034898143,122.795486601856,,,1.1915081896,-1.3695674798639603,1.3964367766924417
4129000000,과천시,경기,district,2022-12,44.4673948722,72.436005986783,106.663597835284,,,,,
4129000000,과천시,경기,district,2023-03,43.6893474246,68.419778938444,91.250522576088,,,-0.7780474476,-5.544517527749693,-14.450173791247646
4129000000,과천시,경기,district,2023-06,43.3921501961,68.534517032839,90.790589838734,,,-0.2971972285,0.16769725973278535,-0.5040329900253353
4129000000,과천시,경기,district,2023-09,43.9015955021,71.716966555322,94.645830098925,,,0.509445306,4.643571823754296,4.246299387457265
4129000000,과천시,경기,district,2023-12,46.7720586664,73.263478564286,98.6572310063,,,2.8704631643,2.156410237696028,4.238328200177688
4129000000,과천시,경기,district,2024-03,47.0597951086,73.446577026433,98.740698055168,,,0.2877364422,0.24991778405162382,0.08460307269587772
4129000000,과천시,경기,district,2024-06,46.5473681123,74.217383606794,96.215584597401,,,-0.5124269963,1.0494792426930817,-2.5573178106925867
4129000000,과천시,경기,district,2024-09,44.3977339619,78.864049553039,92.786700530748,,,-2.1496341504,6.2608862242613945,-3.5637512166044893
4129000000,과천시,경기,district,2024-12,49.1518390449,82.082015336097,92.596015797381,,,4.754105083,4.080396329247332,-0.20550869065961688
4129000000,과천시,경기,district,2025-03,50.1618171936,84.388616544904,96.206009109215,,,1.0099781487,2.8101176601991056,3.898648641355588
4129000000,과천시,경기,district,2025-06,51.1686982347,90.097166222207,99.927333081352,,,1.0068810411,6.764596827186313,3.868078518788237
4129000000,과천시,경기,district,2025-09,49.6803718428,94.168385278829,101.62204440925,,,-1.4883263919,4.518698231397352,1.6959437179398311
4129000000,과천시,경기,district,2025-12,47.3550679315,99.050622789738,102.013776806866,,,-2.3253039113,5.184582380225466,0.38547974496401993
4129000000,과천시,경기,district,2026-03,45.1966655483,100.446294118958,98.861893886712,,,-2.1584023832,1.409048514700098,-3.089663983445287
4129000000,과천시,경기,district,2026-06,46.0665662602,99.9277298392,99.6998263668,,,0.8699007119,-0.5162602406653919,0.8475788265276458
4131000000,구리시,경기,district,2022-03,58.17600863,106.793176663148,99.512357255098,,,,,
4131000000,구리시,경기,district,2022-06,58.0369800621,107.282871100414,99.587020059594,,,-0.1390285679,0.45854468662414355,0.0750286763930266
4131000000,구리시,경기,district,2022-09,58.0132370274,107.017601138081,99.331876057172,,,-0.0237430347,-0.2472621767222413,-0.25620206555966724
4131000000,구리시,경기,district,2022-12,55.5807001713,104.237562112142,91.689965280705,,,,,
4131000000,구리시,경기,district,2023-03,53.8258095551,100.154462297934,85.238858349934,,,-1.7548906162,-3.9171098512600233,-7.035782935483949
4131000000,구리시,경기,district,2023-06,53.4477950265,98.250068906889,83.116676784008,,,-0.3780145286,-1.9014563578604367,-2.48968792755733
4131000000,구리시,경기,district,2023-09,53.7163678232,97.659302281519,83.034115198218,,,0.2685727967,-0.6012887644179323,-0.09933215448994612
4131000000,구리시,경기,district,2023-12,54.4655154106,97.409018761657,84.062739738701,,,0.7491475874,-0.25628231414199193,1.2387974967005795
4131000000,구리시,경기,district,2024-03,55.3452903038,97.237351462643,85.340801430295,,,0.8797748932,-0.17623347529456196,1.520366449590749
4131000000,구리시,경기,district,2024-06,55.9063365584,97.124037788657,86.15630453011,,,0.5610462546,-0.11653307322910092,0.9555840654731721
4131000000,구리시,경기,district,2024-09,56.8569386283,97.653624744656,88.175151685587,,,0.9506020699,0.5452686771027654,2.343237870388755
4131000000,구리시,경기,district,2024-12,58.4679719292,98.128657564416,91.206440747818,,,1.6110333009,0.4864466843930396,3.437804193453393
4131000000,구리시,경기,district,2025-03,60.0075147664,97.998615711576,93.438993001486,,,1.5395428372,-0.13252178931993924,2.447801093171604
4131000000,구리시,경기,district,2025-06,61.3526235839,98.03386496858,95.625944194578,,,1.3451088175,0.03596913767409085,2.340512373733758
4131000000,구리시,경기,district,2025-09,62.4993195362,98.119760868161,97.150004327382,,,1.1466959523,0.0876185995610086,1.5937726373742978
4131000000,구리시,경기,district,2025-12,62.8456957465,99.473707545032,99.045116833047,,,0.3463762103,1.3798919452017782,1.9507075874940103
4131000000,구리시,경기,district,2026-03,62.3952086404,103.072260837948,101.856987547715,,,-0.4504871061,3.617592408815089,2.83897965349242
4131000000,구리시,경기,district,2026-06,61.1362315626,108.152848141,104.6453008301,,,-1.2589770778,4.929150929404554,2.737478644829165
4136000000,남양주시,경기,district,2022-03,67.98078946,120.361864971115,110.515742090565,,,,,
4136000000,남양주시,경기,district,2022-06,68.431823593,120.305372726926,112.06278338892,,,0.451034133,-0.04693533471133674,1.399837949861692
4136000000,남양주시,경기,district,2022-09,68.400980252,119.354113604654,111.270700321523,,,-0.030843341,-0.7907037738299573,-0.7068208047697981
4136000000,남양주시,경기,district,2022-12,65.2644951289,114.475408514625,103.064794493669,,,,,
4136000000,남양주시,경기,district,2023-03,63.7368131482,108.042894442893,95.059825850466,,,-1.5276819807,-5.619123054634222,-7.766928253754704
4136000000,남양주시,경기,district,2023-06,65.514382463,102.335623031007,92.624603376872,,,1.7775693148,-5.282412546715534,-2.561778808036878
4136000000,남양주시,경기,district,2023-09,65.8114090442,101.767877001119,92.695040397088,,,0.2970265812,-0.5547882673426211,0.0760456915852099
4136000000,남양주시,경기,district,2023-12,66.1826126132,101.692723733725,93.208564433387,,,0.371203569,-0.07384773035323675,0.5539930012427421
4136000000,남양주시,경기,district,2024-03,66.6697637957,101.173713526381,93.44555407523,,,0.4871511825,-0.5103710356927704,0.2542573671031791
4136000000,남양주시,경기,district,2024-06,67.3927812172,100.648819560048,93.935434147711,,,0.7230174215,-0.518804685563048,0.5242411769388337
4136000000,남양주시,경기,district,2024-09,68.1394366926,100.459122844088,94.78509196225,,,0.7466554754,-0.18847386068628974,0.9045125753109688
4136000000,남양주시,경기,district,2024-12,69.9847240452,99.999691739433,96.201003065314,,,1.8452873526,-0.457331391762234,1.4938120265029802
4136000000,남양주시,경기,district,2025-03,70.4765429558,99.775445641884,96.663530352963,,,0.4918189106,-0.22424678881342267,0.4807925831448713
4136000000,남양주시,경기,district,2025-06,70.9540849328,99.596193154732,97.169111889677,,,0.477541977,-0.17965591233275627,0.5230323523958719
4136000000,남양주시,경기,district,2025-09,71.4881873868,99.520151733836,97.803030703854,,,0.534102454,-0.07634972631721229,0.6523871648603037
4136000000,남양주시,경기,district,2025-12,72.3376241463,99.806971000536,99.27664870769,,,0.8494367595,0.28820219995955243,1.5067201836496167
4136000000,남양주시,경기,district,2026-03,73.5972219137,100.518260155366,101.625058124865,,,1.2595977674,0.712664804571797,2.365520439846487
4136000000,남양주시,경기,district,2026-06,74.316196387,101.2534933625,103.3579187011,,,0.7189744733,0.7314424324471863,1.7051508832652902
4141000000,군포시,경기,district,2022-03,57.19164598,122.974681802313,105.040045043285,,,,,
4141000000,군포시,경기,district,2022-06,57.1200898023,123.830611264125,106.332884523223,,,-0.0715561777,0.696020879474966,1.2308062885971207
4141000000,군포시,경기,district,2022-09,57.3702525339,123.01892244562,106.281136436135,,,0.2501627316,-0.6554831719062624,-0.048666118031151756
4141000000,군포시,경기,district,2022-12,60.5572591942,112.712227368722,100.467328323508,,,,,
4141000000,군포시,경기,district,2023-03,61.7627459167,104.81518724805,95.357413273642,,,1.2054867225,-7.00637393566712,-5.0861460488049515
4141000000,군포시,경기,district,2023-06,62.8838920122,100.708555997095,93.407924914796,,,1.1211460955,-3.9179734910328086,-2.044401470131807
4141000000,군포시,경기,district,2023-09,62.8297565535,99.787468104056,92.523059872363,,,-0.0541354587,-0.9146073875446783,-0.9473126003389415
4141000000,군포시,경기,district,2023-12,63.0020164352,99.477146640019,92.492275583849,,,0.1722598817,-0.31098240082953515,-0.033272017328942
4141000000,군포시,경기,district,2024-03,63.5186967688,99.269850329527,93.110348536331,,,0.5166803336,-0.2083858629783075,0.6682427787406799
4141000000,군포시,경기,district,2024-06,64.1720800161,98.940602902481,93.853656812149,,,0.6533832473,-0.3316691079447191,0.7983089823017538
4141000000,군포시,경기,district,2024-09,65.0472679845,99.174117041673,95.5134328122,,,0.8751879684,0.23601446963301703,1.7684723818200212
4141000000,군포시,경기,district,2024-12,65.580854993,99.266143560502,96.342684669095,,,0.5335870085,0.0927928794065597,0.8682044320671501
4141000000,군포시,경기,district,2025-03,65.8071463514,98.802575453152,96.231008885113,,,0.2262913584,-0.4669951815620384,-0.11591516716143949
4141000000,군포시,경기,district,2025-06,66.0588344664,98.644504000915,96.47443925223,,,0.251688115,-0.15998717797791698,0.25296457964773433
4141000000,군포시,경기,district,2025-09,66.9981944345,98.447483263819,97.699966134776,,,0.9393599681,-0.199728042724177,1.2703125222027887
4141000000,군포시,경기,district,2025-12,67.4377918,99.189394693656,99.075669549964,,,0.4395973655,0.7536113725211543,1.408089961147205
4141000000,군포시,경기,district,2026-03,67.5617305682,101.566415755395,101.631306916832,,,0.1239387682,2.396446786554521,2.5794802886284693
4141000000,군포시,경기,district,2026-06,67.9432379472,104.0764779765,104.7521961657,,,0.381507379,2.4713505959982354,3.070795155101094
4143000000,의왕시,경기,district,2022-03,59.92946979,118.219618918637,111.413124183939,,,,,
4143000000,의왕시,경기,district,2022-06,59.7732531938,117.484507024946,110.28773350087,,,-0.1562165962,-0.6218188659506089,-1.0101060277342382
4143000000,의왕시,경기,district,2022-09,60.7274476568,115.527314297019,109.877991247026,,,0.954194463,-1.66591559814046,-0.37152114821615023
4143000000,의왕시,경기,district,2022-12,58.8773582438,109.508569500075,104.920430376287,,,,,
4143000000,의왕시,경기,district,2023-03,58.2999514865,102.26979122188,97.174668436517,,,-0.5774067573,-6.610239099315458,-7.382510643532982
4143000000,의왕시,경기,district,2023-06,59.0861822328,98.408208806191,94.686151398765,,,0.7862307463,-3.775877871219158,-2.5608701092483965
4143000000,의왕시,경기,district,2023-09,59.434514765,97.12325025969,94.163423650561,,,0.3483325322,-1.305743252609798,-0.5520635705242298
4143000000,의왕시,경기,district,2023-12,60.2469395293,97.53534179908,95.03152893095,,,0.8124247643,0.4242975171116512,0.9219134635657739
4143000000,의왕시,경기,district,2024-03,61.1051354644,97.103979738314,95.947988713894,,,0.8581959351,-0.4422623151868309,0.9643744484105907
4143000000,의왕시,경기,district,2024-06,62.0266695901,96.486059690968,96.831733658637,,,0.9215341257,-0.6363488386482571,0.921066670170885
4143000000,의왕시,경기,district,2024-09,61.9000460432,97.092652666132,97.440418922574,,,-0.1266235469,0.62868457589297,0.6286010184252316
4143000000,의왕시,경기,district,2024-12,61.8157619368,97.477471903639,97.749021083279,,,-0.0842841064,0.3963422843438628,0.31670857342086634
4143000000,의왕시,경기,district,2025-03,62.0537810693,97.394962411031,97.948916528448,,,0.2380191325,-0.08464467840278465,0.20449866704925418
4143000000,의왕시,경기,district,2025-06,62.1789018767,98.039409999826,98.548699341938,,,0.1251208074,0.6616847245910632,0.6123424686538527
4143000000,의왕시,경기,district,2025-09,61.9584011836,98.584255390345,98.911501910007,,,-0.2205006931,0.5557411968513142,0.3681454656343771
4143000000,의왕시,경기,district,2025-12,61.6999075605,99.716474303701,99.568779575514,,,-0.2584936231,1.1484784348910198,0.66451085345465
4143000000,의왕시,경기,district,2026-03,61.7237482189,101.317665741343,101.234881636839,,,0.0238406584,1.6057441348812023,1.6733177492262128
4143000000,의왕시,경기,district,2026-06,62.0805438318,103.3649075667,103.791215308,,,0.3567956129,2.0206168493690595,2.525151044608679
4145000000,하남시,경기,district,2022-03,65.28354785,97.456610448632,95.811039918061,,,,,
4145000000,하남시,경기,district,2022-06,65.3932039454,97.102383033486,95.951771281283,,,0.1096560954,-0.36347192203314754,0.1468842873872943
4145000000,하남시,경기,district,2022-09,65.1618125056,96.410598251134,94.801870432065,,,-0.2313914398,-0.7124282234282925,-1.198415447534638
4145000000,하남시,경기,district,2022-12,58.2003081496,91.75386524421,86.189958049508,,,,,
4145000000,하남시,경기,district,2023-03,56.6085786668,86.070908297804,78.707861955114,,,-1.5917294828,-6.193697596586663,-8.680937157547103
4145000000,하남시,경기,district,2023-06,57.2666870676,84.9575345971,78.738379734149,,,0.6581084008,-1.2935540273976711,0.03877348244118722
4145000000,하남시,경기,district,2023-09,58.9325022358,86.042987346205,81.901376598792,,,1.6658151682,1.277641534976995,4.017096713600777
4145000000,하남시,경기,district,2023-12,60.0477079566,86.851207466102,84.503519361883,,,1.1152057208,0.9393213146412766,3.177166088230781
4145000000,하남시,경기,district,2024-03,60.7148042721,86.511673301104,85.231953144087,,,0.6670963155,-0.3909377599966242,0.8620159109403609
4145000000,하남시,경기,district,2024-06,60.711504798,86.670849878023,85.507234338154,,,-0.0032994741,0.18399433376463048,0.3229788640436638
4145000000,하남시,경기,district,2024-09,59.9983632715,89.312963550344,87.382155984898,,,-0.7131415265,3.048445557000309,2.192705285413956
4145000000,하남시,경기,district,2024-12,60.3766810565,90.480208915475,88.992871320556,,,0.378317785,1.3069159489630486,1.8433000622419697
4145000000,하남시,경기,district,2025-03,60.5752364245,90.837185653616,89.620358356308,,,0.198555368,0.39453571385371283,0.7050980898141446
4145000000,하남시,경기,district,2025-06,60.878639139,91.653761502354,91.03261935863,,,0.3034027145,0.8989444607539909,1.575826104942814
4145000000,하남시,경기,district,2025-09,61.1952950208,93.738907418069,93.684111174448,,,0.3166558818,2.2750249215483054,2.9126832057553393
4145000000,하남시,경기,district,2025-12,61.5263395945,98.532564598393,98.915867448422,,,0.3310445737,5.113839399625838,5.584464866440386
4145000000,하남시,경기,district,2026-03,60.1588391804,104.546716480378,102.489362217801,,,-1.3675004141,6.103720030527945,3.6126608011018435
4145000000,하남시,경기,district,2026-06,59.5784240193,109.3299493952,106.1114301804,,,-0.5804151611,4.575211040434491,3.534091621042302
4146100000,용인시 처인구,경기,district,2022-03,72.98127608,107.949151272735,114.382076707305,,,,,
4146100000,용인시 처인구,경기,district,2022-06,73.0456814764,109.883657881195,116.734963827559,,,0.0644053964,1.7920535600807483,2.057041791848961
4146100000,용인시 처인구,경기,district,2022-09,73.6058301648,109.755871702956,117.378893711636,,,0.5601486884,-0.11629225009706266,0.5516169817195591
4146100000,용인시 처인구,경기,district,2022-12,74.1752325487,107.53410333536,113.19772789147,,,,,
4146100000,용인시 처인구,경기,district,2023-03,70.5790791829,100.019599391613,100.235207200126,,,-3.5961533658,-6.988019345185758,-11.451219854670589
4146100000,용인시 처인구,경기,district,2023-06,69.2699022818,99.68811009246,97.364323470887,,,-1.3091769011,-0.33142434199831095,-2.864147049157186
4146100000,용인시 처인구,경기,district,2023-09,68.2837370879,100.026553228031,96.438406938785,,,-0.9861651939,0.3395020080700662,-0.9509813236455745
4146100000,용인시 처인구,경기,district,2023-12,68.3788248294,100.498177756776,97.456870988547,,,0.0950877415,0.47149933045262027,1.056077222852175
4146100000,용인시 처인구,경기,district,2024-03,68.7565186584,100.2407550727,97.937204474032,,,0.377693829,-0.25614661859741383,0.492867748176984
4146100000,용인시 처인구,경기,district,2024-06,68.2679941358,99.830850656008,96.83446665544,,,-0.4885245226,-0.40891992123833787,-1.1259641568433683
4146100000,용인시 처인구,경기,district,2024-09,68.0343932589,99.302091006298,95.989405420069,,,-0.2336008769,-0.5296555586128108,-0.8726864148257545
4146100000,용인시 처인구,경기,district,2024-12,67.8738288257,99.020096927009,95.226972292428,,,-0.1605644332,-0.28397597314553547,-0.7942888325065031
4146100000,용인시 처인구,경기,district,2025-03,68.084570011,98.291854713186,94.806495329023,,,0.2107411853,-0.735448900196302,-0.4415523808882395
4146100000,용인시 처인구,경기,district,2025-06,68.26777736,97.937741048829,95.21162631146,,,0.183207349,-0.3602675576631429,0.4273240784094017
4146100000,용인시 처인구,경기,district,2025-09,69.1288911787,98.41470793187,96.950160590619,,,0.8611138187,0.4870102964731418,1.8259684730852497
4146100000,용인시 처인구,경기,district,2025-12,68.9716136581,99.711080533043,99.043147655886,,,-0.1572775206,1.3172549392418518,2.15882784774832
4146100000,용인시 처인구,경기,district,2026-03,69.6532672245,100.459299475162,100.811646246179,,,0.6816535664,0.7503869561127157,1.7855839925821466
4146100000,용인시 처인구,경기,district,2026-06,69.9625301438,101.333564085,102.7563392848,,,0.3092629193,0.8702674758887374,1.9290360896122243
4146300000,용인시 기흥구,경기,district,2022-03,67.75152378,114.039509379386,114.672442993222,,,,,
4146300000,용인시 기흥구,경기,district,2022-06,67.9176271998,114.086015387431,114.957917746359,,,0.1661034198,0.0407806104200993,0.24894799978567972
4146300000,용인시 기흥구,경기,district,2022-09,67.9400051687,113.817204855016,114.6707426452,,,0.0223779689,-0.23562093171729373,-0.24980889249631136
4146300000,용인시 기흥구,경기,district,2022-12,66.0440069326,109.453411565187,105.744043245932,,,,,
4146300000,용인시 기흥구,경기,district,2023-03,63.5805856843,102.40644049556,95.142899766537,,,-2.4634212483,-6.438329302718944,-10.025286677131886
4146300000,용인시 기흥구,경기,district,2023-06,64.3130995264,97.896700013825,92.156684587271,,,0.7325138421,-4.403766462257349,-3.138663196721581
4146300000,용인시 기흥구,경기,district,2023-09,63.7957846378,97.748717011932,91.335574646848,,,-0.5173148886,-0.15116240064486525,-0.8909933599503801
4146300000,용인시 기흥구,경기,district,2023-12,64.3206752173,98.191313464333,92.562792442048,,,0.5248905795,0.4527900374866026,1.3436361460964996
4146300000,용인시 기흥구,경기,district,2024-03,65.0971078857,97.873830439894,93.452338584525,,,0.7764326684,-0.3233310699671234,0.9610191298344092
4146300000,용인시 기흥구,경기,district,2024-06,65.9883313191,97.592347585466,94.541283189615,,,0.8912234334,-0.28759766851146534,1.1652406152523196
4146300000,용인시 기흥구,경기,district,2024-09,66.2351074915,98.009742650259,95.330030281619,,,0.2467761724,0.42769241146440135,0.8342885408293684
4146300000,용인시 기흥구,경기,district,2024-12,67.1602190465,98.113359319688,96.450768494745,,,0.925111555,0.10572078512515734,1.1756402571311197
4146300000,용인시 기흥구,경기,district,2025-03,67.5229558187,97.827449061491,96.709927324979,,,0.3627367722,-0.2914080816103782,0.2686954539383685
4146300000,용인시 기흥구,경기,district,2025-06,67.7781117271,98.017322761042,97.278708736026,,,0.2551559084,0.19409041263219678,0.5881313602229238
4146300000,용인시 기흥구,경기,district,2025-09,68.1361236605,98.336530785821,98.077968060456,,,0.3580119334,0.3256649088010722,0.8216179417007454
4146300000,용인시 기흥구,경기,district,2025-12,68.4058202823,99.514976798201,99.556224368253,,,0.2696966218,1.1983807065013101,1.5072256665082944
4146300000,용인시 기흥구,경기,district,2026-03,68.2625536655,101.449694729726,101.204377818029,,,-0.1432666168,1.9441474979673363,1.6555001560520928
4146300000,용인시 기흥구,경기,district,2026-06,68.2184131633,104.1559018131,104.0399247867,,,-0.0441405022,2.6675359552176636,2.8018026787037495
4146500000,용인시 수지구,경기,district,2022-03,64.95836275,102.822694031947,106.351786888582,,,,,
4146500000,용인시 수지구,경기,district,2022-06,64.953630497,102.183569840024,105.595439160231,,,-0.004732253,-0.6215789208211411,-0.7111753835818267
4146500000,용인시 수지구,경기,district,2022-09,64.9844586427,101.205546651585,104.635679887231,,,0.0308281457,-0.9571237234813466,-0.9089022031942657
4146500000,용인시 수지구,경기,district,2022-12,64.089781033,96.366545503188,97.931296092732,,,,,
4146500000,용인시 수지구,경기,district,2023-03,61.538317017,89.587752895076,87.348597856213,,,-2.551464016,-7.0343837404524825,-10.806247500797038
4146500000,용인시 수지구,경기,district,2023-06,62.7399950035,87.184339169094,86.696414207604,,,1.2016779865,-2.6827480858871935,-0.7466446681635096
4146500000,용인시 수지구,경기,district,2023-09,62.871191533,88.077263927736,87.750273871146,,,0.1311965295,1.024180222218778,1.2155746845750948
4146500000,용인시 수지구,경기,district,2023-12,64.105373062,88.73695017895,90.161781635544,,,1.234181529,0.7489858583200849,2.748148419387385
4146500000,용인시 수지구,경기,district,2024-03,64.7803373518,88.587271468232,90.998875236304,,,0.6749642898,-0.16867687070172316,0.9284350703535754
4146500000,용인시 수지구,경기,district,2024-06,65.3948572403,88.452523245884,91.73236653246,,,0.6145198885,-0.15210788199557723,0.8060443541211745
4146500000,용인시 수지구,경기,district,2024-09,65.0376553097,89.795251871067,92.656784983899,,,-0.3572019306,1.5180218448380802,1.0077342233527677
4146500000,용인시 수지구,경기,district,2024-12,65.2661886032,90.535130533711,93.684909800393,,,0.2285332935,0.8239618991284292,1.1096055368990598
4146500000,용인시 수지구,경기,district,2025-03,65.8085734599,90.689083708073,94.526057521825,,,0.5423848567,0.17004799513121055,0.897847607714163
4146500000,용인시 수지구,경기,district,2025-06,65.6006431304,91.91667958987,95.480724509983,,,-0.2079303295,1.35363136510301,1.0099511321918595
4146500000,용인시 수지구,경기,district,2025-09,64.7620354973,94.376698301564,96.660243378781,,,-0.8386076331,2.6763572429623697,1.235347631526063
4146500000,용인시 수지구,경기,district,2025-12,63.4956056184,98.503212982435,98.829460086063,,,-1.2664298789,4.372387204821951,2.24416640332833
4146500000,용인시 수지구,경기,district,2026-03,62.5889937356,105.034734440161,103.024055600595,,,-0.9066118828,6.630769961676981,4.244276464608071
4146500000,용인시 수지구,경기,district,2026-06,62.2435332692,110.5594364505,107.4357587517,,,-0.3454604664,5.259880971552758,4.282206835467969
4148000000,파주시,경기,district,2022-03,73.06684667,117.567677129194,115.019705652354,,,,,
4148000000,파주시,경기,district,2022-06,73.9104415584,119.228913260984,118.159659780993,,,0.8435948884,1.413004128647097,2.7299271119067914
4148000000,파주시,경기,district,2022-09,73.3225988479,119.566631774155,117.658244858657,,,-0.5878427105,0.2832521943999918,-0.42435372889983297
4148000000,파주시,경기,district,2022-12,71.7435359671,114.38722981159,110.314875518386,,,,,
4148000000,파주시,경기,district,2023-03,70.2244401756,108.212124167137,103.373335243467,,,-1.5190957915,-5.3984222317685004,-6.29247890848779
4148000000,파주시,경기,district,2023-06,70.545040676,105.503444284738,101.283058040955,,,0.3206005004,-2.503120517452702,-2.022066133001258
4148000000,파주시,경기,district,2023-09,70.4676208802,105.116286846631,101.251844852001,,,-0.0774197958,-0.3669618946866986,-0.030817778962971852
4148000000,파주시,경기,district,2023-12,70.649564718,104.894881135831,101.658567338649,,,0.1819438378,-0.21062931106293745,0.40169390221235274
4148000000,파주시,경기,district,2024-03,70.5930271744,104.440232202554,101.161849693887,,,-0.0565375436,-0.43343290764423836,-0.4886136582146734
4148000000,파주시,경기,district,2024-06,70.0945733124,104.02866903013,100.113648328518,,,-0.498453862,-0.3940657385994739,-1.036162712070636
4148000000,파주시,경기,district,2024-09,70.4025125275,103.467203730275,100.144693452734,,,0.3079392151,-0.5397216989216519,0.0310098820034277
4148000000,파주시,경기,district,2024-12,70.6294115879,103.408876225456,100.426503367013,,,0.2268990604,-0.056372940135747666,0.2814027429341604
4148000000,파주시,경기,district,2025-03,71.0236874553,102.437594918684,99.970578259682,,,0.3942758674,-0.9392629938791475,-0.45398882968652404
4148000000,파주시,경기,district,2025-06,71.1673358191,101.747063080588,99.648223818448,,,0.1436483638,-0.6741000104933654,-0.32244931143306704
4148000000,파주시,경기,district,2025-09,71.5236352839,101.152721908991,99.698394586346,,,0.3562994648,-0.5841359481071768,0.050347879746865914
4148000000,파주시,경기,district,2025-12,72.3710456962,100.310257665044,99.944479097207,,,0.8474104123,-0.8328636422705272,0.24682896036793558
4148000000,파주시,경기,district,2026-03,72.9432810835,99.585817600988,100.47772965596,,,0.5722353873,-0.7221993851068055,0.5335467887469354
4148000000,파주시,경기,district,2026-06,73.4798726287,99.3039619722,101.0913312746,,,0.5365915452,-0.2830278804531336,0.6106841991165584
4157000000,김포시,경기,district,2022-03,68.62207331,117.778621883521,110.073677913686,,,,,
4157000000,김포시,경기,district,2022-06,68.5586027598,117.939306608164,110.420274259186,,,-0.0634705502,0.1364294488026118,0.3148766826632092
4157000000,김포시,경기,district,2022-09,68.2696810402,116.847595441822,109.143081679016,,,-0.2889217196,-0.9256550659306908,-1.1566649229398638
4157000000,김포시,경기,district,2022-12,63.2024642426,109.073682036027,98.37737579837,,,,,
4157000000,김포시,경기,district,2023-03,61.9377060643,101.952584316427,90.178388156831,,,-1.2647581783,-6.528703887751679,-8.33422072402428
4157000000,김포시,경기,district,2023-06,61.9565440646,99.76027950481,88.315867611405,,,0.0188380003,-2.150318038837361,-2.06537351520062
4157000000,김포시,경기,district,2023-09,62.4905119842,99.565404475779,89.010927670963,,,0.5339679196,-0.19534330697379812,0.7870160576537674
4157000000,김포시,경기,district,2023-12,63.6133489832,99.767113690256,90.803178157692,,,1.122836999,0.20258966007220836,2.013517366490345
4157000000,김포시,경기,district,2024-03,64.497431164,99.762787207489,92.07713078612,,,0.8840821808,-0.004336582072958733,1.402982422284393
4157000000,김포시,경기,district,2024-06,65.5805337156,100.051550305657,93.921944834405,,,1.0831025516,0.28944970990778723,2.0035529262637417
4157000000,김포시,경기,district,2024-09,66.9194160511,100.643540273141,96.295073354048,,,1.3388823355,0.5916849520826749,2.526702916796595
4157000000,김포시,경기,district,2024-12,68.1996887048,100.889467729275,98.315771637582,,,1.2802726537,0.24435493372606576,2.0984440980739487
4157000000,김포시,경기,district,2025-03,68.8208443844,100.78519604528,99.093622840898,,,0.6211556796,-0.10335239776940917,0.7911764209951642
4157000000,김포시,경기,district,2025-06,69.1155655704,100.617447913787,99.370367676641,,,0.294721186,-0.16644124144743977,0.27927613080342606
4157000000,김포시,경기,district,2025-09,69.3882475298,100.282691585814,99.43471940312,,,0.2726819594,-0.3327020660073116,0.06475947305378359
4157000000,김포시,경기,district,2025-12,70.0333825476,100.039262925074,99.693421160813,,,0.6451350178,-0.24274244826356,0.2601724621399018
4157000000,김포시,경기,district,2026-03,70.8339987049,99.918043932897,100.719101479657,,,0.8006161573,-0.12117141673443646,1.0288345077349692
4157000000,김포시,경기,district,2026-06,71.5645636424,99.7515050891,101.5824378854,,,0.7305649375,-0.16667544443608626,0.8571724658578042
4159100000,화성시 만세구,경기,district,2022-03,,,,,,,,
4159100000,화성시 만세구,경기,district,2022-06,,,,,,,,
4159100000,화성시 만세구,경기,district,2022-09,,,,,,,,
4159100000,화성시 만세구,경기,district,2022-12,,,,,,,,
4159100000,화성시 만세구,경기,district,2023-03,,,,,,,,
4159100000,화성시 만세구,경기,district,2023-06,,,,,,,,
4159100000,화성시 만세구,경기,district,2023-09,,,,,,,,
4159100000,화성시 만세구,경기,district,2023-12,,,,,,,,
4159100000,화성시 만세구,경기,district,2024-03,,,,,,,,
4159100000,화성시 만세구,경기,district,2024-06,,,,,,,,
4159100000,화성시 만세구,경기,district,2024-09,,,,,,,,
4159100000,화성시 만세구,경기,district,2024-12,,,,,,,,
4159100000,화성시 만세구,경기,district,2025-03,,,,,,,,
4159100000,화성시 만세구,경기,district,2025-06,,,,,,,,
4159100000,화성시 만세구,경기,district,2025-09,,,,,,,,
4159100000,화성시 만세구,경기,district,2025-12,,,,,,,,
4159100000,화성시 만세구,경기,district,2026-03,69.7409435295,96.702688085096,100.491848694848,,,,,
4159100000,화성시 만세구,경기,district,2026-06,70.847430126,96.1147935171,101.0589320152,,,1.1064865965,-0.6079402544411869,0.5643077799016282
4159300000,화성시 효행구,경기,district,2022-03,,,,,,,,
4159300000,화성시 효행구,경기,district,2022-06,,,,,,,,
4159300000,화성시 효행구,경기,district,2022-09,,,,,,,,
4159300000,화성시 효행구,경기,district,2022-12,,,,,,,,
4159300000,화성시 효행구,경기,district,2023-03,,,,,,,,
4159300000,화성시 효행구,경기,district,2023-06,,,,,,,,
4159300000,화성시 효행구,경기,district,2023-09,,,,,,,,
4159300000,화성시 효행구,경기,district,2023-12,,,,,,,,
4159300000,화성시 효행구,경기,district,2024-03,,,,,,,,
4159300000,화성시 효행구,경기,district,2024-06,,,,,,,,
4159300000,화성시 효행구,경기,district,2024-09,,,,,,,,
4159300000,화성시 효행구,경기,district,2024-12,,,,,,,,
4159300000,화성시 효행구,경기,district,2025-03,,,,,,,,
4159300000,화성시 효행구,경기,district,2025-06,,,,,,,,
4159300000,화성시 효행구,경기,district,2025-09,,,,,,,,
4159300000,화성시 효행구,경기,district,2025-12,,,,,,,,
4159300000,화성시 효행구,경기,district,2026-03,69.8534325129,97.384674475441,100.938969889859,,,,,
4159300000,화성시 효행구,경기,district,2026-06,69.7767160085,97.6256130805,101.4837164567,,,-0.0767165044,0.24740915996978685,0.5396791421939495
4159500000,화성시 병점구,경기,district,2022-03,,,,,,,,
4159500000,화성시 병점구,경기,district,2022-06,,,,,,,,
4159500000,화성시 병점구,경기,district,2022-09,,,,,,,,
4159500000,화성시 병점구,경기,district,2022-12,,,,,,,,
4159500000,화성시 병점구,경기,district,2023-03,,,,,,,,
4159500000,화성시 병점구,경기,district,2023-06,,,,,,,,
4159500000,화성시 병점구,경기,district,2023-09,,,,,,,,
4159500000,화성시 병점구,경기,district,2023-12,,,,,,,,
4159500000,화성시 병점구,경기,district,2024-03,,,,,,,,
4159500000,화성시 병점구,경기,district,2024-06,,,,,,,,
4159500000,화성시 병점구,경기,district,2024-09,,,,,,,,
4159500000,화성시 병점구,경기,district,2024-12,,,,,,,,
4159500000,화성시 병점구,경기,district,2025-03,,,,,,,,
4159500000,화성시 병점구,경기,district,2025-06,,,,,,,,
4159500000,화성시 병점구,경기,district,2025-09,,,,,,,,
4159500000,화성시 병점구,경기,district,2025-12,,,,,,,,
4159500000,화성시 병점구,경기,district,2026-03,70.6807885049,97.342681206108,101.123655243048,,,,,
4159500000,화성시 병점구,경기,district,2026-06,71.7917046546,98.2705163551,103.7211858432,,,1.1109161497,0.9531637484152027,2.5686676316326826
4159700000,화성시 동탄구,경기,district,2022-03,,,,,,,,
4159700000,화성시 동탄구,경기,district,2022-06,,,,,,,,
4159700000,화성시 동탄구,경기,district,2022-09,,,,,,,,
4159700000,화성시 동탄구,경기,district,2022-12,,,,,,,,
4159700000,화성시 동탄구,경기,district,2023-03,,,,,,,,
4159700000,화성시 동탄구,경기,district,2023-06,,,,,,,,
4159700000,화성시 동탄구,경기,district,2023-09,,,,,,,,
4159700000,화성시 동탄구,경기,district,2023-12,,,,,,,,
4159700000,화성시 동탄구,경기,district,2024-03,,,,,,,,
4159700000,화성시 동탄구,경기,district,2024-06,,,,,,,,
4159700000,화성시 동탄구,경기,district,2024-09,,,,,,,,
4159700000,화성시 동탄구,경기,district,2024-12,,,,,,,,
4159700000,화성시 동탄구,경기,district,2025-03,,,,,,,,
4159700000,화성시 동탄구,경기,district,2025-06,,,,,,,,
4159700000,화성시 동탄구,경기,district,2025-09,,,,,,,,
4159700000,화성시 동탄구,경기,district,2025-12,,,,,,,,
4159700000,화성시 동탄구,경기,district,2026-03,58.2882902507,98.491544109063,101.263481727748,,,,,
4159700000,화성시 동탄구,경기,district,2026-06,58.0017226994,104.4968378828,106.7935934725,,,-0.2865675513,6.0972683777676755,5.461111597584591
4161000000,광주시,경기,district,2022-03,74.48444387,117.683436384052,115.58375462004,,,,,
4161000000,광주시,경기,district,2022-06,74.6727018444,118.430708420469,116.689292715821,,,0.1882579744,0.6349848877443788,0.9564822490974185
4161000000,광주시,경기,district,2022-09,73.6881430113,117.973765625583,114.542909600064,,,-0.9845588331,-0.38583134474185427,-1.8394002275634571
4161000000,광주시,경기,district,2022-12,71.1223332212,112.539343590038,108.225764772279,,,,,
4161000000,광주시,경기,district,2023-03,69.6081274245,107.755459790177,101.516816764308,,,-1.5142057967,-4.25085454317904,-6.199030352973244
4161000000,광주시,경기,district,2023-06,69.1268627732,104.159409489475,97.603434669382,,,-0.4812646513,-3.3372325705855475,-3.854910171200221
4161000000,광주시,경기,district,2023-09,68.7993152344,103.463381256957,96.843390761401,,,-0.3275475388,-0.6682336583218932,-0.7787061086072868
4161000000,광주시,경기,district,2023-12,69.2350854816,103.076772171889,97.186843968009,,,0.4357702472,-0.3736675530715887,0.35464806003559574
4161000000,광주시,경기,district,2024-03,69.1692727286,102.252936009282,96.377041380657,,,-0.065812753,-0.7992452084483063,-0.8332430134458968
4161000000,광주시,경기,district,2024-06,69.1557566001,101.832198181806,95.953039782839,,,-0.0135161285,-0.41146772297844586,-0.4399404585821802
4161000000,광주시,경기,district,2024-09,69.2327054356,101.130885959435,95.563514164248,,,0.0769488355,-0.6886939837230195,-0.4059544329940716
4161000000,광주시,경기,district,2024-12,69.2592352733,100.693545617713,95.216866153841,,,0.0265298377,-0.4324498273429774,-0.36274096179762205
4161000000,광주시,경기,district,2025-03,69.5547642157,99.553652121654,94.604297711511,,,0.2955289424,-1.1320422665288303,-0.6433402684565137
4161000000,광주시,경기,district,2025-06,70.4043762362,98.941792849494,95.195546388875,,,0.8496120205,-0.6146025375465999,0.6249702092466987
4161000000,광주시,경기,district,2025-09,71.1050658592,99.062111769131,96.504627007756,,,0.700689623,0.12160576048993166,1.3751490154102266
4161000000,광주시,경기,district,2025-12,72.6075509958,99.76627260475,99.50658009566,,,1.5024851366,0.7108276040592397,3.1106830635827807
4161000000,광주시,경기,district,2026-03,72.8894865144,100.226824130302,100.634376501678,,,0.2819355186,0.4616304824543205,1.1333887718116735
4161000000,광주시,경기,district,2026-06,73.0679687263,100.266312187,100.9023590346,,,0.1784822119,0.03939869095987988,0.26629323123747045
